id, palette, k, r, g, b, hue, sat, lum
0x00b4349caa, Inverted, 180, 52, 156, 170, 187.1186440677966, 0.5315315315315314, 0.43529411764705883
0x00b4365a93, Inverted, 180, 54, 90, 147, 216.7741935483871, 0.46268656716417905, 0.3941176470588235
0x00b43da66e, Inverted, 180, 61, 166, 110, 148, 0.4625550660792951, 0.4450980392156863
0x00b4477b14, Inverted, 180, 71, 123, 20, 90.29126213592232, 0.7202797202797203, 0.2803921568627451
0x00b44791d6, Inverted, 180, 71, 145, 214, 208.95104895104896, 0.6355555555555555, 0.5588235294117647
0x00b44a9785, Inverted, 180, 74, 151, 133, 165.97402597402598, 0.3422222222222222, 0.4411764705882353
0x00b44eaebb, Inverted, 180, 78, 174, 187, 187.1559633027523, 0.4448979591836733, 0.5196078431372548
0x00b44f1cea, Inverted, 180, 79, 28, 234, 254.85436893203885, 0.8306451612903225, 0.5137254901960784
0x00b4503d36, Inverted, 180, 80, 61, 54, 16.153846153846164, 0.19402985074626863, 0.2627450980392157
0x00b450db08, Inverted, 180, 80, 219, 8, 99.5260663507109, 0.9295154185022027, 0.44509803921568625
0x00b456d60b, Inverted, 180, 86, 214, 11, 97.83251231527095, 0.9022222222222224, 0.4411764705882353
0x00b4571dd2, Inverted, 180, 87, 29, 210, 259.22651933701655, 0.7573221757322175, 0.46862745098039216
0x00b4595f86, Inverted, 180, 89, 95, 134, 232, 0.20179372197309423, 0.4372549019607843
0x00b45cbd51, Inverted, 180, 92, 189, 81, 113.88888888888889, 0.45000000000000007, 0.5294117647058824
0x00b45e8963, Inverted, 180, 94, 137, 99, 126.9767441860465, 0.1861471861471861, 0.45294117647058824
0x00b4612e1a, Inverted, 180, 97, 46, 26, 16.901408450704228, 0.5772357723577236, 0.24117647058823527
0x00b46151fa, Inverted, 180, 97, 81, 250, 245.68047337278105, 0.9441340782122902, 0.6490196078431372
0x00b46586d8, Inverted, 180, 101, 134, 216, 222.78260869565216, 0.5958549222797928, 0.6215686274509804
0x00b4667ecb, Inverted, 180, 102, 126, 203, 225.74257425742573, 0.4926829268292682, 0.5980392156862745
0x00b466f280, Inverted, 180, 102, 242, 128, 131.14285714285714, 0.8433734939759037, 0.6745098039215687
0x00b467c4eb, Inverted, 180, 103, 196, 235, 197.72727272727272, 0.7674418604651161, 0.6627450980392157
0x00b46a6c86, Inverted, 180, 106, 108, 134, 235.71428571428572, 0.11666666666666667, 0.47058823529411764
0x00b46c91e1, Inverted, 180, 108, 145, 225, 221.02564102564105, 0.6610169491525424, 0.6529411764705882
0x00b47ca549, Inverted, 180, 124, 165, 73, 86.73913043478261, 0.38655462184873957, 0.4666666666666667
0x00b47f53cf, Inverted, 180, 127, 83, 207, 261.2903225806451, 0.5636363636363636, 0.5686274509803921
0x00b47f67cb, Inverted, 180, 127, 103, 203, 254.4, 0.4901960784313725, 0.6
0x00b4856dc4, Inverted, 180, 133, 109, 196, 256.55172413793105, 0.42439024390243907, 0.5980392156862745
0x00b487847d, Inverted, 180, 135, 132, 125, 42.00000000000008, 0.04000000000000002, 0.5098039215686274
0x00b48ed3e0, Inverted, 180, 142, 211, 224, 189.51219512195124, 0.5694444444444444, 0.7176470588235294
0x00b491b4d5, Inverted, 180, 145, 180, 213, 209.11764705882354, 0.4473684210526316, 0.7019607843137254
0x00b4964226, Inverted, 180, 150, 66, 38, 15.000000000000004, 0.5957446808510638, 0.3686274509803922
0x00b49aa7fe, Inverted, 180, 154, 167, 254, 232.20000000000002, 0.9803921568627454, 0.8
0x00b49cb6ed, Inverted, 180, 156, 182, 237, 220.74074074074073, 0.6923076923076924, 0.7705882352941177
0x00b49ecdf5, Inverted, 180, 158, 205, 245, 207.58620689655172, 0.813084112149533, 0.7901960784313726
0x00b4a21fb1, Inverted, 180, 162, 31, 177, 293.83561643835617, 0.7019230769230769, 0.40784313725490196
0x00b4a33ad3, Inverted, 180, 163, 58, 211, 281.1764705882353, 0.6348547717842323, 0.5274509803921569
0x00b4a8795d, Inverted, 180, 168, 121, 93, 22.4, 0.3012048192771084, 0.5117647058823529
0x00b4aade4a, Inverted, 180, 170, 222, 74, 81.08108108108108, 0.6915887850467289, 0.5803921568627451
0x00b4ab7df3, Inverted, 180, 171, 125, 243, 263.3898305084746, 0.8309859154929576, 0.7215686274509804
0x00b4aca131, Inverted, 180, 172, 161, 49, 54.634146341463406, 0.5565610859728507, 0.43333333333333335
0x00b4ae2eaf, Inverted, 180, 174, 46, 175, 299.5348837209302, 0.5837104072398189, 0.43333333333333335
0x00b4b02566, Inverted, 180, 176, 37, 102, 331.9424460431655, 0.652582159624413, 0.4176470588235294
0x00b4b12f00, Inverted, 180, 177, 47, 0, 15.932203389830512, 1, 0.34705882352941175
0x00b4b1b048, Inverted, 180, 177, 176, 72, 59.42857142857143, 0.4216867469879518, 0.48823529411764705
0x00b4b222e6, Inverted, 180, 178, 34, 230, 284.0816326530612, 0.7967479674796749, 0.5176470588235295
0x00b4c20a5d, Inverted, 180, 194, 10, 93, 332.9347826086956, 0.9019607843137255, 0.39999999999999997
0x00b4cbb17b, Inverted, 180, 203, 177, 123, 40.5, 0.43478260869565205, 0.6392156862745098
0x00b4cdb4be, Inverted, 180, 205, 180, 190, 336, 0.19999999999999996, 0.7549019607843137
0x00b4d09d1d, Inverted, 180, 208, 157, 29, 42.9050279329609, 0.7552742616033754, 0.4647058823529412
0x00b4d1e933, Inverted, 180, 209, 233, 51, 67.91208791208791, 0.8053097345132743, 0.5568627450980392
0x00b4d36e01, Inverted, 180, 211, 110, 1, 31.142857142857146, 0.9905660377358491, 0.4156862745098039
0x00b4d7be48, Inverted, 180, 215, 190, 72, 49.51048951048951, 0.6412556053811659, 0.5627450980392157
0x00b4d91161, Inverted, 180, 217, 17, 97, 336, 0.8547008547008548, 0.4588235294117647
0x00b4da2b83, Inverted, 180, 218, 43, 131, 329.8285714285714, 0.7028112449799196, 0.5117647058823529
0x00b4ddbbbe, Inverted, 180, 221, 187, 190, 354.70588235294116, 0.3333333333333336, 0.8
0x00b4de5dc5, Inverted, 180, 222, 93, 197, 311.62790697674416, 0.6615384615384615, 0.6176470588235294
0x00b4e1306f, Inverted, 180, 225, 48, 111, 338.64406779661016, 0.7468354430379747, 0.5352941176470588
0x00b4e9cd7d, Inverted, 180, 233, 205, 125, 44.44444444444446, 0.7105263157894736, 0.7019607843137254
0x00b4e9da53, Inverted, 180, 233, 218, 83, 53.99999999999999, 0.7731958762886597, 0.6196078431372549
0x00b4e9e83e, Inverted, 180, 233, 232, 62, 59.64912280701755, 0.7953488372093022, 0.5784313725490196
0x00b4edc1c7, Inverted, 180, 237, 193, 199, 351.8181818181818, 0.5500000000000002, 0.8431372549019608
0x00b4f0f0c0, Inverted, 180, 240, 240, 192, 60, 0.6153846153846153, 0.8470588235294118
0x00b4f62884, Inverted, 180, 246, 40, 132, 333.20388349514565, 0.9196428571428572, 0.5607843137254902
0x00b4f8d76a, Inverted, 180, 248, 215, 106, 46.056338028169016, 0.9102564102564102, 0.6941176470588235
0x00b4f96253, Inverted, 180, 249, 98, 83, 5.4216867469879535, 0.9325842696629213, 0.6509803921568628
0x00b5033528, Inverted, 181, 3, 53, 40, 164.39999999999998, 0.892857142857143, 0.10980392156862745
0x00b508f632, Inverted, 181, 8, 246, 50, 130.58823529411762, 0.937007874015748, 0.4980392156862745
0x00b50937de, Inverted, 181, 9, 55, 222, 227.04225352112675, 0.9220779220779222, 0.45294117647058824
0x00b50bb1fa, Inverted, 181, 11, 177, 250, 198.32635983263597, 0.9598393574297188, 0.5117647058823529
0x00b511a6a5, Inverted, 181, 17, 166, 165, 179.59731543624162, 0.8142076502732241, 0.3588235294117647
0x00b514715a, Inverted, 181, 20, 113, 90, 165.16129032258067, 0.6992481203007519, 0.26078431372549016
0x00b5174ab9, Inverted, 181, 23, 74, 185, 221.11111111111111, 0.7788461538461539, 0.40784313725490196
0x00b51bd02f, Inverted, 181, 27, 208, 47, 126.62983425414366, 0.7702127659574469, 0.46078431372549017
0x00b51da1a1, Inverted, 181, 29, 161, 161, 180, 0.6947368421052631, 0.37254901960784315
0x00b51e11fc, Inverted, 181, 30, 17, 252, 243.3191489361702, 0.9751037344398341, 0.5274509803921569
0x00b51ea987, Inverted, 181, 30, 169, 135, 165.32374100719426, 0.6984924623115577, 0.39019607843137255
0x00b522e041, Inverted, 181, 34, 224, 65, 129.78947368421052, 0.753968253968254, 0.5058823529411764
0x00b523765f, Inverted, 181, 35, 118, 95, 163.3734939759036, 0.5424836601307189, 0.30000000000000004
0x00b52747c7, Inverted, 181, 39, 71, 199, 228, 0.6722689075630252, 0.4666666666666667
0x00b529c13e, Inverted, 181, 41, 193, 62, 128.28947368421052, 0.6495726495726496, 0.4588235294117647
0x00b534f20b, Inverted, 181, 52, 242, 11, 109.35064935064935, 0.9130434782608696, 0.496078431372549
0x00b535b690, Inverted, 181, 53, 182, 144, 162.32558139534882, 0.5489361702127659, 0.4607843137254902
0x00b537efd5, Inverted, 181, 55, 239, 213, 171.52173913043478, 0.8518518518518517, 0.5764705882352941
0x00b53b73dc, Inverted, 181, 59, 115, 220, 219.13043478260872, 0.696969696969697, 0.5470588235294118
0x00b540be18, Inverted, 181, 64, 190, 24, 105.5421686746988, 0.7757009345794392, 0.4196078431372549
0x00b546ff50, Inverted, 181, 70, 255, 80, 123.24324324324324, 0.9999999999999999, 0.6372549019607843
0x00b5535cfa, Inverted, 181, 83, 92, 250, 236.76646706586828, 0.9435028248587569, 0.6529411764705882
0x00b555333c, Inverted, 181, 85, 51, 60, 344.11764705882354, 0.24999999999999994, 0.26666666666666666
0x00b55718c0, Inverted, 181, 87, 24, 192, 262.5, 0.7777777777777778, 0.4235294117647059
0x00b558a094, Inverted, 181, 88, 160, 148, 170, 0.2903225806451613, 0.48627450980392156
0x00b55a43e3, Inverted, 181, 90, 67, 227, 248.625, 0.7407407407407406, 0.5764705882352941
0x00b55e676f, Inverted, 181, 94, 103, 111, 208.23529411764707, 0.08292682926829266, 0.4019607843137255
0x00b55e75a5, Inverted, 181, 94, 117, 165, 220.56338028169014, 0.2828685258964143, 0.5078431372549019
0x00b5640905, Inverted, 181, 100, 9, 5, 2.526315789473684, 0.9047619047619049, 0.20588235294117646
0x00b5654bfb, Inverted, 181, 101, 75, 251, 248.86363636363635, 0.9565217391304346, 0.6392156862745098
0x00b56584d9, Inverted, 181, 101, 132, 217, 223.9655172413793, 0.6041666666666666, 0.6235294117647059
0x00b565eb91, Inverted, 181, 101, 235, 145, 139.70149253731344, 0.7701149425287355, 0.6588235294117647
0x00b56670af, Inverted, 181, 102, 112, 175, 231.78082191780823, 0.3133047210300429, 0.5431372549019609
0x00b5679062, Inverted, 181, 103, 144, 98, 113.47826086956522, 0.19008264462809915, 0.4745098039215686
0x00b5686583, Inverted, 181, 104, 101, 131, 246.00000000000003, 0.1293103448275862, 0.45490196078431366
0x00b56a67f2, Inverted, 181, 106, 103, 242, 241.29496402877697, 0.8424242424242424, 0.6764705882352942
0x00b56e261d, Inverted, 181, 110, 38, 29, 6.666666666666665, 0.5827338129496403, 0.27254901960784317
0x00b5728502, Inverted, 181, 114, 133, 2, 68.70229007633588, 0.9703703703703704, 0.2647058823529412
0x00b5742978, Inverted, 181, 116, 41, 120, 296.96202531645565, 0.49068322981366463, 0.3156862745098039
0x00b5751824, Inverted, 181, 117, 24, 36, 352.258064516129, 0.6595744680851063, 0.27647058823529413
0x00b5782e68, Inverted, 181, 120, 46, 104, 312.97297297297297, 0.4457831325301204, 0.3254901960784314
0x00b57855c5, Inverted, 181, 120, 85, 197, 258.75, 0.4912280701754387, 0.5529411764705883
0x00b57b7e57, Inverted, 181, 123, 126, 87, 64.61538461538463, 0.18309859154929578, 0.4176470588235294
0x00b57ba656, Inverted, 181, 123, 166, 86, 92.25, 0.31746031746031744, 0.49411764705882355
0x00b57eb3cd, Inverted, 181, 126, 179, 205, 199.74683544303798, 0.44134078212290506, 0.6490196078431373
0x00b581746f, Inverted, 181, 129, 116, 111, 16.66666666666666, 0.07499999999999997, 0.47058823529411764
0x00b5817cef, Inverted, 181, 129, 124, 239, 242.60869565217394, 0.7823129251700681, 0.711764705882353
0x00b5828a7d, Inverted, 181, 130, 138, 125, 96.92307692307692, 0.0526315789473684, 0.5156862745098039
0x00b584bc01, Inverted, 181, 132, 188, 1, 77.96791443850266, 0.9894179894179894, 0.37058823529411766
0x00b58556ac, Inverted, 181, 133, 86, 172, 272.7906976744186, 0.3412698412698413, 0.5058823529411764
0x00b585e2c6, Inverted, 181, 133, 226, 198, 161.93548387096774, 0.615894039735099, 0.7039215686274509
0x00b5866b28, Inverted, 181, 134, 107, 40, 42.76595744680851, 0.5402298850574713, 0.3411764705882353
0x00b588b9b5, Inverted, 181, 136, 185, 181, 175.10204081632656, 0.25925925925925924, 0.6294117647058823
0x00b589eaca, Inverted, 181, 137, 234, 202, 160.2061855670103, 0.6978417266187049, 0.7274509803921568
0x00b58ddec1, Inverted, 181, 141, 222, 193, 158.5185185185185, 0.5510204081632654, 0.711764705882353
0x00b5918331, Inverted, 181, 145, 131, 49, 51.25, 0.4948453608247423, 0.3803921568627451
0x00b59c5e24, Inverted, 181, 156, 94, 36, 29, 0.6250000000000001, 0.3764705882352941
0x00b59ce0d6, Inverted, 181, 156, 224, 214, 171.1764705882353, 0.523076923076923, 0.7450980392156863
0x00b59e8852, Inverted, 181, 158, 136, 82, 42.63157894736841, 0.31666666666666665, 0.47058823529411764
0x00b5a02960, Inverted, 181, 160, 41, 96, 332.2689075630252, 0.592039800995025, 0.3941176470588235
0x00b5a10e9f, Inverted, 181, 161, 14, 159, 300.81632653061223, 0.84, 0.3431372549019608
0x00b5a3446f, Inverted, 181, 163, 68, 111, 332.8421052631579, 0.41125541125541126, 0.4529411764705882
0x00b5a3d28b, Inverted, 181, 163, 210, 139, 99.71830985915493, 0.44099378881987583, 0.6843137254901961
0x00b5a9c276, Inverted, 181, 169, 194, 118, 79.73684210526316, 0.3838383838383838, 0.611764705882353
0x00b5aaa80c, Inverted, 181, 170, 168, 12, 59.24050632911393, 0.8681318681318683, 0.35686274509803917
0x00b5adc43a, Inverted, 181, 173, 196, 58, 69.99999999999999, 0.5433070866141733, 0.4980392156862745
0x00b5ae454e, Inverted, 181, 174, 69, 78, 354.85714285714283, 0.43209876543209885, 0.4764705882352941
0x00b5b04850, Inverted, 181, 176, 72, 80, 355.38461538461536, 0.41935483870967744, 0.48627450980392156
0x00b5b07a72, Inverted, 181, 176, 122, 114, 7.741935483870969, 0.28181818181818175, 0.5686274509803921
0x00b5b0c1cb, Inverted, 181, 176, 193, 203, 202.22222222222223, 0.20610687022900756, 0.7431372549019608
0x00b5b796f6, Inverted, 181, 183, 150, 246, 260.625, 0.8421052631578948, 0.7764705882352941
0x00b5ba5f35, Inverted, 181, 186, 95, 53, 18.947368421052634, 0.5564853556485355, 0.46862745098039216
0x00b5bad63b, Inverted, 181, 186, 214, 59, 70.83870967741936, 0.6540084388185654, 0.5352941176470588
0x00b5bb50f5, Inverted, 181, 187, 80, 245, 278.9090909090909, 0.8918918918918918, 0.6372549019607843
0x00b5bc0536, Inverted, 181, 188, 5, 54, 343.9344262295082, 0.9481865284974093, 0.37843137254901965
0x00b5be0106, Inverted, 181, 190, 1, 6, 358.41269841269843, 0.9895287958115183, 0.37450980392156863
0x00b5be29b0, Inverted, 181, 190, 41, 176, 305.63758389261744, 0.645021645021645, 0.45294117647058824
0x00b5c02545, Inverted, 181, 192, 37, 69, 347.61290322580646, 0.6768558951965065, 0.44901960784313727
0x00b5c13966, Inverted, 181, 193, 57, 102, 340.1470588235294, 0.544, 0.49019607843137253
0x00b5c2dd18, Inverted, 181, 194, 221, 24, 68.22335025380711, 0.8040816326530612, 0.4803921568627451
0x00b5c7acc0, Inverted, 181, 199, 172, 192, 315.55555555555554, 0.19424460431654675, 0.7274509803921569
0x00b5cd3bf2, Inverted, 181, 205, 59, 242, 287.8688524590164, 0.8755980861244018, 0.5901960784313726
0x00b5cf6cce, Inverted, 181, 207, 108, 206, 300.6060606060606, 0.5076923076923078, 0.6176470588235294
0x00b5d34a4e, Inverted, 181, 211, 74, 78, 358.24817518248176, 0.6088888888888887, 0.5588235294117647
0x00b5d46d6c, Inverted, 181, 212, 109, 108, 0.5769230769230748, 0.5473684210526316, 0.6274509803921569
0x00b5d57aee, Inverted, 181, 213, 122, 238, 287.0689655172414, 0.7733333333333334, 0.7058823529411765
0x00b5da6f81, Inverted, 181, 218, 111, 129, 349.9065420560748, 0.591160220994475, 0.6450980392156862
0x00b5dc86dc, Inverted, 181, 220, 134, 220, 300, 0.5512820512820513, 0.6941176470588235
0x00b5dde78c, Inverted, 181, 221, 231, 140, 66.5934065934066, 0.6546762589928059, 0.7274509803921569
0x00b5e51680, Inverted, 181, 229, 22, 128, 329.27536231884056, 0.8247011952191234, 0.49215686274509807
0x00b5e61e0e, Inverted, 181, 230, 30, 14, 4.444444444444445, 0.8852459016393442, 0.47843137254901963
0x00b5e68c24, Inverted, 181, 230, 140, 36, 32.164948453608254, 0.7950819672131147, 0.5215686274509804
0x00b5e9e72e, Inverted, 181, 233, 231, 46, 59.35828877005348, 0.8095238095238093, 0.5470588235294117
0x00b5eaa853, Inverted, 181, 234, 168, 83, 33.7748344370861, 0.7823834196891191, 0.6215686274509804
0x00b5f3dbdc, Inverted, 181, 243, 219, 220, 357.49999999999994, 0.4999999999999994, 0.9058823529411764
0x00b5fc98c2, Inverted, 181, 252, 152, 194, 334.8, 0.9433962264150948, 0.7921568627450981
0x00b5fde43a, Inverted, 181, 253, 228, 58, 52.30769230769231, 0.9798994974874374, 0.6098039215686275
0x00b5fea279, Inverted, 181, 254, 162, 121, 18.496240601503754, 0.9851851851851855, 0.7352941176470589
0x00b605b71a, Inverted, 182, 5, 183, 26, 127.07865168539325, 0.9468085106382977, 0.3686274509803922
0x00b60878f1, Inverted, 182, 8, 120, 241, 211.1587982832618, 0.9357429718875502, 0.48823529411764705
0x00b608ba6a, Inverted, 182, 8, 186, 106, 153.03370786516854, 0.9175257731958762, 0.3803921568627451
0x00b60a82e7, Inverted, 182, 10, 130, 231, 207.420814479638, 0.9170124481327802, 0.4725490196078431
0x00b60d0e2d, Inverted, 182, 13, 14, 45, 238.125, 0.5517241379310343, 0.11372549019607844
0x00b60d5983, Inverted, 182, 13, 89, 131, 201.35593220338984, 0.8194444444444444, 0.2823529411764706
0x00b611665a, Inverted, 182, 17, 102, 90, 171.52941176470588, 0.7142857142857143, 0.23333333333333334
0x00b614dc1b, Inverted, 182, 20, 220, 27, 122.10000000000001, 0.8333333333333335, 0.47058823529411764
0x00b614e96a, Inverted, 182, 20, 233, 106, 144.22535211267606, 0.8418972332015809, 0.49607843137254903
0x00b6150f53, Inverted, 182, 21, 15, 83, 245.2941176470588, 0.6938775510204083, 0.19215686274509805
0x00b61a0901, Inverted, 182, 26, 9, 1, 19.2, 0.9259259259259263, 0.052941176470588235
0x00b628c0ec, Inverted, 182, 40, 192, 236, 193.46938775510205, 0.8376068376068377, 0.5411764705882354
0x00b62b52ce, Inverted, 182, 43, 82, 206, 225.64417177914112, 0.6546184738955823, 0.4882352941176471
0x00b62d13ed, Inverted, 182, 45, 19, 237, 247.1559633027523, 0.8582677165354331, 0.5019607843137255
0x00b62f5711, Inverted, 182, 47, 87, 17, 94.28571428571428, 0.6730769230769231, 0.20392156862745098
0x00b6304da0, Inverted, 182, 48, 77, 160, 224.46428571428572, 0.5384615384615384, 0.40784313725490196
0x00b633607e, Inverted, 182, 51, 96, 126, 204, 0.42372881355932207, 0.34705882352941175
0x00b63535f7, Inverted, 182, 53, 53, 247, 240, 0.9238095238095239, 0.5882352941176471
0x00b635e057, Inverted, 182, 53, 224, 87, 131.9298245614035, 0.7339055793991415, 0.5431372549019607
0x00b63946fb, Inverted, 182, 57, 70, 251, 235.97938144329896, 0.9603960396039602, 0.6039215686274509
0x00b63b8e29, Inverted, 182, 59, 142, 41, 109.3069306930693, 0.551912568306011, 0.3588235294117647
0x00b63c38ac, Inverted, 182, 60, 56, 172, 242.06896551724137, 0.5087719298245614, 0.4470588235294118
0x00b63d0715, Inverted, 182, 61, 7, 21, 344.44444444444446, 0.7941176470588238, 0.13333333333333333
0x00b63eea3e, Inverted, 182, 62, 234, 62, 120, 0.8037383177570091, 0.580392156862745
0x00b63f3350, Inverted, 182, 63, 51, 80, 264.82758620689657, 0.2213740458015267, 0.2568627450980392
0x00b6414d87, Inverted, 182, 65, 77, 135, 229.71428571428572, 0.35000000000000003, 0.39215686274509803
0x00b644ae9e, Inverted, 182, 68, 174, 158, 170.9433962264151, 0.4380165289256199, 0.4745098039215686
0x00b6523b08, Inverted, 182, 82, 59, 8, 41.35135135135135, 0.8222222222222221, 0.17647058823529413
0x00b655c43e, Inverted, 182, 85, 196, 62, 109.70149253731344, 0.5317460317460317, 0.5058823529411764
0x00b6568804, Inverted, 182, 86, 136, 4, 82.72727272727272, 0.9428571428571426, 0.27450980392156865
0x00b6576294, Inverted, 182, 87, 98, 148, 229.18032786885246, 0.2595744680851064, 0.4607843137254902
0x00b65bbfb1, Inverted, 182, 91, 191, 177, 171.6, 0.4385964912280702, 0.5529411764705883
0x00b65d312d, Inverted, 182, 93, 49, 45, 5.000000000000001, 0.34782608695652173, 0.27058823529411763
0x00b662f712, Inverted, 182, 98, 247, 18, 99.03930131004367, 0.9346938775510205, 0.5196078431372549
0x00b66438b4, Inverted, 182, 100, 56, 180, 261.2903225806451, 0.5254237288135594, 0.4627450980392157
0x00b6649823, Inverted, 182, 100, 152, 35, 86.66666666666667, 0.6256684491978609, 0.3666666666666667
0x00b6688160, Inverted, 182, 104, 129, 96, 105.45454545454545, 0.14666666666666664, 0.4411764705882353
0x00b6718c8a, Inverted, 182, 113, 140, 138, 175.55555555555551, 0.10671936758893287, 0.49607843137254903
0x00b6784d61, Inverted, 182, 120, 77, 97, 332.09302325581393, 0.21827411167512695, 0.38627450980392153
0x00b67c63dc, Inverted, 182, 124, 99, 220, 252.39669421487602, 0.6335078534031414, 0.6254901960784314
0x00b67eb01c, Inverted, 182, 126, 176, 28, 80.27027027027026, 0.7254901960784312, 0.4
0x00b67eb6fa, Inverted, 182, 126, 182, 250, 212.90322580645162, 0.9253731343283582, 0.7372549019607844
0x00b6833703, Inverted, 182, 131, 55, 3, 24.375, 0.9552238805970151, 0.26274509803921564
0x00b685dd04, Inverted, 182, 133, 221, 4, 84.33179723502305, 0.9644444444444445, 0.4411764705882353
0x00b68962e5, Inverted, 182, 137, 98, 229, 257.86259541984737, 0.7158469945355191, 0.6411764705882353
0x00b68db36b, Inverted, 182, 141, 179, 107, 91.66666666666666, 0.32142857142857134, 0.5607843137254902
0x00b68f3445, Inverted, 182, 143, 52, 69, 348.7912087912088, 0.46666666666666673, 0.38235294117647056
0x00b6905afa, Inverted, 182, 144, 90, 250, 260.25, 0.9411764705882352, 0.6666666666666666
0x00b690dd09, Inverted, 182, 144, 221, 9, 81.79245283018868, 0.9217391304347826, 0.45098039215686275
0x00b69ad46d, Inverted, 182, 154, 212, 109, 93.78640776699031, 0.544973544973545, 0.6294117647058823
0x00b69ae6d0, Inverted, 182, 154, 230, 208, 162.6315789473684, 0.6031746031746033, 0.7529411764705882
0x00b69ed423, Inverted, 182, 158, 212, 35, 78.30508474576271, 0.7165991902834007, 0.48431372549019613
0x00b6a1f15e, Inverted, 182, 161, 241, 94, 92.6530612244898, 0.84, 0.6568627450980392
0x00b6a234c2, Inverted, 182, 162, 52, 194, 286.47887323943667, 0.5772357723577236, 0.48235294117647054
0x00b6a3136d, Inverted, 182, 163, 19, 109, 322.5, 0.7912087912087913, 0.35686274509803917
0x00b6a33874, Inverted, 182, 163, 56, 116, 326.3551401869159, 0.4885844748858447, 0.4294117647058823
0x00b6a39d56, Inverted, 182, 163, 157, 86, 55.32467532467534, 0.3092369477911646, 0.48823529411764705
0x00b6a7e257, Inverted, 182, 167, 226, 87, 85.46762589928058, 0.7055837563451777, 0.6137254901960785
0x00b6ac23cd, Inverted, 182, 172, 35, 205, 288.35294117647055, 0.7083333333333334, 0.47058823529411764
0x00b6b16987, Inverted, 182, 177, 105, 135, 335, 0.31578947368421056, 0.5529411764705883
0x00b6b4300c, Inverted, 182, 180, 48, 12, 12.857142857142854, 0.8750000000000001, 0.3764705882352941
0x00b6b55f55, Inverted, 182, 181, 95, 85, 6.2500000000000036, 0.3934426229508198, 0.5215686274509804
0x00b6b5ddfb, Inverted, 182, 181, 221, 251, 205.7142857142857, 0.8974358974358971, 0.8470588235294118
0x00b6b74d6f, Inverted, 182, 183, 77, 111, 340.75471698113205, 0.424, 0.5098039215686274
0x00b6b8a2b2, Inverted, 182, 184, 162, 178, 316.3636363636364, 0.1341463414634147, 0.6784313725490196
0x00b6b978b3, Inverted, 182, 185, 120, 179, 305.53846153846155, 0.31707317073170727, 0.5980392156862745
0x00b6bb3b54, Inverted, 182, 187, 59, 84, 348.28125, 0.5203252032520326, 0.48235294117647054
0x00b6bbc60e, Inverted, 182, 187, 198, 14, 63.58695652173914, 0.8679245283018867, 0.41568627450980394
0x00b6bf1e07, Inverted, 182, 191, 30, 7, 7.5, 0.9292929292929293, 0.38823529411764707
0x00b6c00967, Inverted, 182, 192, 9, 103, 329.1803278688525, 0.9104477611940299, 0.3941176470588235
0x00b6c0dfb8, Inverted, 182, 192, 223, 184, 107.6923076923077, 0.37864077669902924, 0.7980392156862746
0x00b6c14146, Inverted, 182, 193, 65, 70, 357.65625, 0.5079365079365079, 0.5058823529411764
0x00b6c3f0f6, Inverted, 182, 195, 240, 246, 187.05882352941177, 0.7391304347826091, 0.8647058823529412
0x00b6cb68db, Inverted, 182, 203, 104, 219, 291.6521739130435, 0.6149732620320855, 0.6333333333333333
0x00b6cbcbac, Inverted, 182, 203, 203, 172, 60, 0.2296296296296295, 0.7352941176470589
0x00b6d11154, Inverted, 182, 209, 17, 84, 339.0625, 0.8495575221238938, 0.44313725490196076
0x00b6d1e0ef, Inverted, 182, 209, 224, 239, 210, 0.48387096774193555, 0.8784313725490196
0x00b6d1ebfd, Inverted, 182, 209, 235, 253, 204.54545454545456, 0.916666666666667, 0.9058823529411765
0x00b6d275bd, Inverted, 182, 210, 117, 189, 313.54838709677415, 0.5081967213114753, 0.6411764705882352
0x00b6d35bbe, Inverted, 182, 211, 91, 190, 310.5, 0.5769230769230769, 0.592156862745098
0x00b6de504b, Inverted, 182, 222, 80, 75, 2.040816326530611, 0.6901408450704225, 0.5823529411764706
0x00b6e1948c, Inverted, 182, 225, 148, 140, 5.647058823529413, 0.586206896551724, 0.7156862745098039
0x00b6e241a5, Inverted, 182, 226, 65, 165, 322.7329192546584, 0.7351598173515981, 0.5705882352941176
0x00b6e60d8d, Inverted, 182, 230, 13, 141, 324.60829493087556, 0.8930041152263374, 0.47647058823529415
0x00b6e6cdc3, Inverted, 182, 230, 205, 195, 17.14285714285717, 0.411764705882353, 0.8333333333333333
0x00b6e9b598, Inverted, 182, 233, 181, 152, 21.48148148148149, 0.6479999999999999, 0.7549019607843137
0x00b6ec337d, Inverted, 182, 236, 51, 125, 336, 0.8295964125560539, 0.5627450980392157
0x00b6ed667a, Inverted, 182, 237, 102, 122, 351.1111111111111, 0.7894736842105265, 0.6647058823529413
0x00b6ee9908, Inverted, 182, 238, 153, 8, 37.826086956521735, 0.9349593495934959, 0.4823529411764706
0x00b6f365c0, Inverted, 182, 243, 101, 192, 321.5492957746479, 0.8554216867469878, 0.6745098039215686
0x00b6f78c0f, Inverted, 182, 247, 140, 15, 32.327586206896555, 0.9354838709677419, 0.5137254901960784
0x00b6f84eb3, Inverted, 182, 248, 78, 179, 324.3529411764706, 0.9239130434782606, 0.6392156862745098
0x00b6fcbfdf, Inverted, 182, 252, 191, 223, 328.5245901639344, 0.9104477611940301, 0.8686274509803922
0x00b6fd4a28, Inverted, 182, 253, 74, 40, 9.577464788732396, 0.9815668202764977, 0.5745098039215686
0x00b700dded, Inverted, 183, 0, 221, 237, 184.0506329113924, 1, 0.4647058823529412
0x00b701907f, Inverted, 183, 1, 144, 127, 172.86713286713288, 0.9862068965517242, 0.28431372549019607
0x00b7027a29, Inverted, 183, 2, 122, 41, 139.5, 0.9677419354838709, 0.2431372549019608
0x00b706b7a3, Inverted, 183, 6, 183, 163, 173.22033898305082, 0.9365079365079364, 0.37058823529411766
0x00b7076579, Inverted, 183, 7, 101, 121, 190.5263157894737, 0.890625, 0.25098039215686274
0x00b7081d56, Inverted, 183, 8, 29, 86, 223.84615384615384, 0.8297872340425532, 0.1843137254901961
0x00b7094786, Inverted, 183, 9, 71, 134, 210.24, 0.8741258741258742, 0.2803921568627451
0x00b70df04b, Inverted, 183, 13, 240, 75, 136.38766519823787, 0.8972332015810276, 0.49607843137254903
0x00b71039f5, Inverted, 183, 16, 57, 245, 229.25764192139738, 0.9196787148594378, 0.5117647058823529
0x00b7107a8d, Inverted, 183, 16, 122, 141, 189.12, 0.7961783439490446, 0.307843137254902
0x00b71310bc, Inverted, 183, 19, 16, 188, 241.04651162790697, 0.8431372549019608, 0.4
0x00b713511e, Inverted, 183, 19, 81, 30, 130.64516129032256, 0.62, 0.19607843137254902
0x00b7160bdc, Inverted, 183, 22, 11, 220, 243.15789473684208, 0.9047619047619049, 0.45294117647058824
0x00b718002a, Inverted, 183, 24, 0, 42, 274.2857142857143, 1.0000000000000002, 0.08235294117647059
0x00b71e6b55, Inverted, 183, 30, 107, 85, 162.85714285714286, 0.562043795620438, 0.26862745098039215
0x00b720578e, Inverted, 183, 32, 87, 142, 210, 0.632183908045977, 0.3411764705882353
0x00b7272e0d, Inverted, 183, 39, 46, 13, 72.72727272727272, 0.5593220338983048, 0.11568627450980393
0x00b7281c7e, Inverted, 183, 40, 28, 126, 247.34693877551018, 0.6363636363636364, 0.3019607843137255
0x00b731aa24, Inverted, 183, 49, 170, 36, 114.17910447761194, 0.6504854368932037, 0.403921568627451
0x00b732d7f5, Inverted, 183, 50, 215, 245, 189.23076923076923, 0.9069767441860467, 0.5784313725490197
0x00b733bb99, Inverted, 183, 51, 187, 153, 165, 0.5714285714285713, 0.4666666666666667
0x00b737a354, Inverted, 183, 55, 163, 84, 136.11111111111111, 0.4954128440366972, 0.42745098039215684
0x00b739af39, Inverted, 183, 57, 175, 57, 120, 0.5086206896551725, 0.4549019607843137
0x00b73c2c8b, Inverted, 183, 60, 44, 139, 250.1052631578947, 0.5191256830601093, 0.35882352941176465
0x00b73d141a, Inverted, 183, 61, 20, 26, 351.219512195122, 0.5061728395061729, 0.1588235294117647
0x00b744a1b2, Inverted, 183, 68, 161, 178, 189.27272727272725, 0.44715447154471544, 0.48235294117647054
0x00b744d36a, Inverted, 183, 68, 211, 106, 135.94405594405595, 0.619047619047619, 0.5470588235294117
0x00b74946fc, Inverted, 183, 73, 70, 252, 240.98901098901098, 0.9680851063829787, 0.6313725490196078
0x00b74a986f, Inverted, 183, 74, 152, 111, 148.46153846153845, 0.34513274336283184, 0.44313725490196076
0x00b74b794b, Inverted, 183, 75, 121, 75, 120, 0.2346938775510204, 0.38431372549019605
0x00b7506454, Inverted, 183, 80, 100, 84, 132, 0.11111111111111112, 0.3529411764705882
0x00b75066cc, Inverted, 183, 80, 102, 204, 229.35483870967744, 0.5486725663716815, 0.5568627450980392
0x00b7556b9b, Inverted, 183, 85, 107, 155, 221.14285714285714, 0.29166666666666663, 0.47058823529411764
0x00b757720a, Inverted, 183, 87, 114, 10, 75.57692307692308, 0.8387096774193548, 0.2431372549019608
0x00b75950f3, Inverted, 183, 89, 80, 243, 243.31288343558282, 0.871657754010695, 0.6333333333333333
0x00b7597765, Inverted, 183, 89, 119, 101, 144, 0.14423076923076927, 0.40784313725490196
0x00b75bec96, Inverted, 183, 91, 236, 150, 144.41379310344828, 0.7923497267759564, 0.6411764705882353
0x00b75ce43e, Inverted, 183, 92, 228, 62, 109.1566265060241, 0.7545454545454545, 0.5686274509803921
0x00b75df4b5, Inverted, 183, 93, 244, 181, 154.96688741721854, 0.8728323699421967, 0.6607843137254902
0x00b75e3d08, Inverted, 183, 94, 61, 8, 36.97674418604651, 0.8431372549019608, 0.2
0x00b760f275, Inverted, 183, 96, 242, 117, 128.63013698630135, 0.8488372093023254, 0.6627450980392157
0x00b76143f8, Inverted, 183, 97, 67, 248, 249.94475138121547, 0.9282051282051281, 0.6176470588235294
0x00b763c61f, Inverted, 183, 99, 198, 31, 95.56886227544909, 0.7292576419213974, 0.44901960784313727
0x00b76865aa, Inverted, 183, 104, 101, 170, 242.60869565217394, 0.28870292887029286, 0.5313725490196078
0x00b76a6ea3, Inverted, 183, 106, 110, 163, 235.78947368421052, 0.2365145228215767, 0.5274509803921569
0x00b76b6205, Inverted, 183, 107, 98, 5, 54.70588235294118, 0.9107142857142858, 0.2196078431372549
0x00b76cf0ab, Inverted, 183, 108, 240, 171, 148.63636363636363, 0.8148148148148148, 0.6823529411764706
0x00b7712f1c, Inverted, 183, 113, 47, 28, 13.411764705882355, 0.6028368794326241, 0.27647058823529413
0x00b772f4e4, Inverted, 183, 114, 244, 228, 172.6153846153846, 0.855263157894737, 0.7019607843137255
0x00b773ed5d, Inverted, 183, 115, 237, 93, 110.83333333333333, 0.8, 0.6470588235294118
0x00b7745b66, Inverted, 183, 116, 91, 102, 333.59999999999997, 0.12077294685990336, 0.40588235294117647
0x00b774ffdb, Inverted, 183, 116, 255, 219, 164.46043165467626, 1, 0.7274509803921568
0x00b77940b7, Inverted, 183, 121, 64, 183, 268.73949579831935, 0.4817813765182186, 0.4843137254901961
0x00b77963af, Inverted, 183, 121, 99, 175, 257.3684210526316, 0.3220338983050847, 0.5372549019607843
0x00b7796dd1, Inverted, 183, 121, 109, 209, 247.20000000000002, 0.5208333333333334, 0.6235294117647059
0x00b77d62e3, Inverted, 183, 125, 98, 227, 252.55813953488374, 0.6972972972972972, 0.6372549019607843
0x00b77f5a67, Inverted, 183, 127, 90, 103, 338.9189189189189, 0.17050691244239627, 0.4254901960784314
0x00b78015f2, Inverted, 183, 128, 21, 242, 269.04977375565613, 0.8947368421052629, 0.5156862745098039
0x00b7819ef3, Inverted, 183, 129, 158, 243, 224.73684210526315, 0.8260869565217389, 0.7294117647058823
0x00b784961b, Inverted, 183, 132, 150, 27, 68.78048780487805, 0.6949152542372882, 0.34705882352941175
0x00b784cdcf, Inverted, 183, 132, 205, 207, 181.6, 0.4385964912280702, 0.6647058823529413
0x00b791d2a8, Inverted, 183, 145, 210, 168, 141.23076923076923, 0.4193548387096773, 0.696078431372549
0x00b794643d, Inverted, 183, 148, 100, 61, 26.89655172413793, 0.416267942583732, 0.4098039215686275
0x00b7960921, Inverted, 183, 150, 9, 33, 349.78723404255317, 0.8867924528301887, 0.31176470588235294
0x00b799f9e1, Inverted, 183, 153, 249, 225, 165, 0.8888888888888887, 0.788235294117647
0x00b79f590a, Inverted, 183, 159, 89, 10, 31.812080536912752, 0.8816568047337279, 0.33137254901960783
0x00b7a5a215, Inverted, 183, 165, 162, 21, 58.74999999999999, 0.7741935483870966, 0.3647058823529412
0x00b7a5e853, Inverted, 183, 165, 232, 83, 86.97986577181207, 0.764102564102564, 0.6176470588235294
0x00b7a81500, Inverted, 183, 168, 21, 0, 7.5, 1, 0.32941176470588235
0x00b7a9a2a1, Inverted, 183, 169, 162, 161, 7.499999999999973, 0.04444444444444443, 0.6470588235294117
0x00b7a9d766, Inverted, 183, 169, 215, 102, 84.42477876106196, 0.5854922279792746, 0.6215686274509804
0x00b7ab3d07, Inverted, 183, 171, 61, 7, 19.756097560975615, 0.9213483146067415, 0.34901960784313724
0x00b7adcac6, Inverted, 183, 173, 202, 198, 171.72413793103453, 0.21481481481481474, 0.7352941176470589
0x00b7add624, Inverted, 183, 173, 214, 36, 73.8202247191011, 0.712, 0.4901960784313726
0x00b7ae5aa1, Inverted, 183, 174, 90, 161, 309.2857142857143, 0.34146341463414637, 0.5176470588235295
0x00b7b0f127, Inverted, 183, 176, 241, 39, 79.30693069306929, 0.8782608695652174, 0.5490196078431373
0x00b7b18353, Inverted, 183, 177, 131, 83, 30.638297872340416, 0.37599999999999995, 0.5098039215686274
0x00b7b5a521, Inverted, 183, 181, 165, 33, 53.513513513513516, 0.691588785046729, 0.4196078431372549
0x00b7b734b3, Inverted, 183, 183, 52, 179, 301.8320610687023, 0.5574468085106382, 0.4607843137254902
0x00b7b76f56, Inverted, 183, 183, 111, 86, 15.463917525773194, 0.4024896265560166, 0.5274509803921569
0x00b7b7c952, Inverted, 183, 183, 201, 82, 69.07563025210084, 0.5242290748898678, 0.5549019607843138
0x00b7bb4fb6, Inverted, 183, 187, 79, 182, 302.77777777777777, 0.442622950819672, 0.5215686274509803
0x00b7bf1803, Inverted, 183, 191, 24, 3, 6.702127659574468, 0.9690721649484537, 0.3803921568627451
0x00b7c054ac, Inverted, 183, 192, 84, 172, 311.1111111111111, 0.4615384615384615, 0.5411764705882353
0x00b7c50d8a, Inverted, 183, 197, 13, 138, 319.2391304347826, 0.8761904761904761, 0.411764705882353
0x00b7cb63c8, Inverted, 183, 203, 99, 200, 301.7307692307692, 0.49999999999999994, 0.592156862745098
0x00b7d193a8, Inverted, 183, 209, 147, 168, 339.6774193548387, 0.40259740259740256, 0.6980392156862745
0x00b7d9b3b6, Inverted, 183, 217, 179, 182, 355.2631578947368, 0.33333333333333326, 0.776470588235294
0x00b7dd6324, Inverted, 183, 221, 99, 36, 20.43243243243243, 0.7312252964426879, 0.503921568627451
0x00b7e0056f, Inverted, 183, 224, 5, 111, 330.958904109589, 0.9563318777292575, 0.44901960784313727
0x00b7e355e9, Inverted, 183, 227, 85, 233, 297.5675675675676, 0.7708333333333333, 0.6235294117647059
0x00b7e446a3, Inverted, 183, 228, 70, 163, 324.6835443037975, 0.7452830188679246, 0.5843137254901961
0x00b7e57af2, Inverted, 183, 229, 122, 242, 293.5, 0.821917808219178, 0.7137254901960784
0x00b7e7a5db, Inverted, 183, 231, 165, 219, 310.90909090909093, 0.5789473684210527, 0.7764705882352941
0x00b7e84fa7, Inverted, 183, 232, 79, 167, 325.4901960784314, 0.7688442211055277, 0.6098039215686275
0x00b7ea967b, Inverted, 183, 234, 150, 123, 14.594594594594598, 0.7254901960784312, 0.7
0x00b7ef8030, Inverted, 183, 239, 128, 48, 25.130890052356023, 0.8565022421524664, 0.5627450980392157
0x00b7f2596a, Inverted, 183, 242, 89, 106, 353.3333333333333, 0.854748603351955, 0.6490196078431372
0x00b7f26226, Inverted, 183, 242, 98, 38, 17.647058823529417, 0.8869565217391302, 0.5490196078431372
0x00b7f367f0, Inverted, 183, 243, 103, 240, 301.2857142857143, 0.8536585365853658, 0.6784313725490196
0x00b7f3e59f, Inverted, 183, 243, 229, 159, 50.000000000000014, 0.7777777777777776, 0.788235294117647
0x00b7f3e6d2, Inverted, 183, 243, 230, 210, 36.36363636363639, 0.5789473684210523, 0.888235294117647
0x00b7f5bc1c, Inverted, 183, 245, 188, 28, 44.23963133640552, 0.9156118143459916, 0.5352941176470588
0x00b7f7387a, Inverted, 183, 247, 56, 122, 339.26701570680626, 0.9227053140096618, 0.5941176470588235
0x00b7fcc7a8, Inverted, 183, 252, 199, 168, 22.142857142857142, 0.9333333333333332, 0.8235294117647058
0x00b7fd29b8, Inverted, 183, 253, 41, 184, 319.52830188679246, 0.9814814814814816, 0.5764705882352942
0x00b7fd4e54, Inverted, 183, 253, 78, 84, 357.9428571428571, 0.9776536312849162, 0.6490196078431373
0x00b7fdc66b, Inverted, 183, 253, 198, 107, 37.397260273972606, 0.9733333333333334, 0.7058823529411765
0x00b7fe09b4, Inverted, 183, 254, 9, 180, 318.1224489795918, 0.9919028340080973, 0.515686274509804
0x00b7fe1763, Inverted, 183, 254, 23, 99, 340.2597402597403, 0.9914163090128755, 0.5431372549019607
0x00b7ff5832, Inverted, 183, 255, 88, 50, 11.121951219512194, 1, 0.5980392156862745
0x00b7ffffdb, Inverted, 183, 255, 255, 219, 60, 1.0000000000000009, 0.9294117647058824
0x00b804e3db, Inverted, 184, 4, 227, 219, 177.847533632287, 0.9653679653679655, 0.4529411764705882
0x00b80648da, Inverted, 184, 6, 72, 218, 221.32075471698113, 0.9464285714285714, 0.4392156862745098
0x00b80ac150, Inverted, 184, 10, 193, 80, 142.95081967213116, 0.9014778325123153, 0.3980392156862745
0x00b80b3c7d, Inverted, 184, 11, 60, 125, 214.21052631578948, 0.838235294117647, 0.26666666666666666
0x00b80bccf5, Inverted, 184, 11, 204, 245, 190.5128205128205, 0.9212598425196851, 0.5019607843137255
0x00b8108031, Inverted, 184, 16, 128, 49, 137.67857142857144, 0.7777777777777778, 0.2823529411764706
0x00b811cdd7, Inverted, 184, 17, 205, 215, 183.03030303030303, 0.853448275862069, 0.4549019607843137
0x00b81aef90, Inverted, 184, 26, 239, 144, 153.2394366197183, 0.8693877551020409, 0.5196078431372549
0x00b81e8192, Inverted, 184, 30, 129, 146, 188.79310344827587, 0.6590909090909091, 0.34509803921568627
0x00b821a8ef, Inverted, 184, 33, 168, 239, 200.67961165048544, 0.865546218487395, 0.5333333333333333
0x00b822afda, Inverted, 184, 34, 175, 218, 194.02173913043478, 0.7301587301587302, 0.4941176470588235
0x00b8293586, Inverted, 184, 41, 53, 134, 232.25806451612902, 0.5314285714285715, 0.3431372549019608
0x00b82b57fe, Inverted, 184, 43, 87, 254, 227.48815165876778, 0.9906103286384977, 0.5823529411764706
0x00b82be90a, Inverted, 184, 43, 233, 10, 111.12107623318386, 0.9176954732510288, 0.4764705882352941
0x00b82e8450, Inverted, 184, 46, 132, 80, 143.72093023255812, 0.4831460674157303, 0.3490196078431373
0x00b83015c8, Inverted, 184, 48, 21, 200, 249.0502793296089, 0.8099547511312216, 0.43333333333333335
0x00b8380c5d, Inverted, 184, 56, 12, 93, 272.59259259259255, 0.7714285714285715, 0.20588235294117646
0x00b83afa71, Inverted, 184, 58, 250, 113, 137.1875, 0.9504950495049503, 0.6039215686274509
0x00b8410225, Inverted, 184, 65, 2, 37, 326.66666666666663, 0.9402985074626866, 0.13137254901960782
0x00b84ae9f7, Inverted, 184, 74, 233, 247, 184.85549132947978, 0.9153439153439153, 0.6294117647058823
0x00b84cc308, Inverted, 184, 76, 195, 8, 98.18181818181817, 0.9211822660098522, 0.3980392156862745
0x00b8504b0d, Inverted, 184, 80, 75, 13, 55.52238805970149, 0.7204301075268816, 0.18235294117647058
0x00b851a50a, Inverted, 184, 81, 165, 10, 92.51612903225806, 0.8857142857142858, 0.3431372549019608
0x00b851c108, Inverted, 184, 81, 193, 8, 96.32432432432432, 0.9203980099502488, 0.3941176470588235
0x00b8562e68, Inverted, 184, 86, 46, 104, 281.3793103448276, 0.38666666666666666, 0.29411764705882354
0x00b867d8e8, Inverted, 184, 103, 216, 232, 187.4418604651163, 0.7371428571428571, 0.6568627450980392
0x00b86e2e1e, Inverted, 184, 110, 46, 30, 12, 0.5714285714285714, 0.27450980392156865
0x00b8717979, Inverted, 184, 113, 121, 121, 180, 0.03418803418803419, 0.4588235294117647
0x00b8747879, Inverted, 184, 116, 120, 121, 191.99999999999994, 0.021097046413502095, 0.4647058823529412
0x00b8756c7b, Inverted, 184, 117, 108, 123, 276, 0.06493506493506494, 0.45294117647058824
0x00b8761699, Inverted, 184, 118, 22, 153, 283.96946564885496, 0.7485714285714284, 0.3431372549019608
0x00b876bd5c, Inverted, 184, 118, 189, 92, 103.91752577319588, 0.423580786026201, 0.5509803921568628
0x00b8776c33, Inverted, 184, 119, 108, 51, 50.29411764705882, 0.39999999999999997, 0.33333333333333337
0x00b879dc1d, Inverted, 184, 121, 220, 29, 91.09947643979058, 0.7670682730923695, 0.4882352941176471
0x00b87aeb1c, Inverted, 184, 122, 235, 28, 92.7536231884058, 0.8380566801619432, 0.5156862745098039
0x00b87b9af7, Inverted, 184, 123, 154, 247, 225, 0.8857142857142857, 0.7254901960784313
0x00b87cb56f, Inverted, 184, 124, 181, 111, 108.85714285714286, 0.3211009174311927, 0.5725490196078431
0x00b87fefc9, Inverted, 184, 127, 239, 201, 159.64285714285714, 0.7777777777777778, 0.7176470588235294
0x00b8840881, Inverted, 184, 132, 8, 129, 301.4516129032258, 0.8857142857142857, 0.27450980392156865
0x00b889f589, Inverted, 184, 137, 245, 137, 120, 0.8437500000000001, 0.7490196078431373
0x00b88a6f94, Inverted, 184, 138, 111, 148, 283.78378378378375, 0.1474103585657371, 0.5078431372549019
0x00b88b64aa, Inverted, 184, 139, 100, 170, 273.42857142857144, 0.29166666666666663, 0.5294117647058824
0x00b895b642, Inverted, 184, 149, 182, 66, 77.06896551724137, 0.46774193548387094, 0.4862745098039216
0x00b896a33e, Inverted, 184, 150, 163, 62, 67.72277227722772, 0.44888888888888884, 0.4411764705882353
0x00b897500e, Inverted, 184, 151, 80, 14, 28.905109489051092, 0.8303030303030302, 0.3235294117647059
0x00b897eb7a, Inverted, 184, 151, 235, 122, 104.60176991150443, 0.7385620915032678, 0.7
0x00b8983d18, Inverted, 184, 152, 61, 24, 17.34375, 0.7272727272727273, 0.34509803921568627
0x00b8a35354, Inverted, 184, 163, 83, 84, 359.25, 0.3252032520325203, 0.48235294117647054
0x00b8a4a1a4, Inverted, 184, 164, 161, 164, 300, 0.01621621621621631, 0.6372549019607843
0x00b8ab4da6, Inverted, 184, 171, 77, 166, 303.1914893617021, 0.3790322580645161, 0.4862745098039215
0x00b8ad4f0f, Inverted, 184, 173, 79, 15, 24.30379746835443, 0.8404255319148936, 0.3686274509803922
0x00b8adf564, Inverted, 184, 173, 245, 100, 89.79310344827586, 0.8787878787878789, 0.6764705882352942
0x00b8ae434b, Inverted, 184, 174, 67, 75, 355.5140186915888, 0.4439834024896266, 0.4725490196078431
0x00b8afa244, Inverted, 184, 175, 162, 68, 52.710280373831765, 0.44032921810699593, 0.4764705882352941
0x00b8b01910, Inverted, 184, 176, 25, 16, 3.375, 0.8333333333333334, 0.3764705882352941
0x00b8b0df6e, Inverted, 184, 176, 223, 110, 84.95575221238938, 0.6384180790960452, 0.6529411764705882
0x00b8b1372f, Inverted, 184, 177, 55, 47, 3.6923076923076925, 0.5803571428571428, 0.4392156862745098
0x00b8b27381, Inverted, 184, 178, 115, 129, 346.6666666666667, 0.2903225806451612, 0.5745098039215686
0x00b8b69a2d, Inverted, 184, 182, 154, 45, 47.73722627737226, 0.6035242290748898, 0.4450980392156863
0x00b8b92cff, Inverted, 184, 185, 44, 255, 280.09478672985784, 1, 0.5862745098039216
0x00b8be5040, Inverted, 184, 190, 80, 64, 7.619047619047619, 0.49606299212598426, 0.4980392156862745
0x00b8c23534, Inverted, 184, 194, 53, 52, 0.4225352112676071, 0.5772357723577236, 0.48235294117647054
0x00b8c4fe13, Inverted, 184, 196, 254, 19, 74.80851063829786, 0.9915611814345991, 0.5352941176470588
0x00b8c9ebad, Inverted, 184, 201, 235, 173, 92.90322580645162, 0.6078431372549019, 0.8
0x00b8cafaa7, Inverted, 184, 202, 250, 167, 94.6987951807229, 0.8924731182795697, 0.8176470588235294
0x00b8cfc09a, Inverted, 184, 207, 192, 154, 43.0188679245283, 0.35570469798657717, 0.7078431372549019
0x00b8d365a3, Inverted, 184, 211, 101, 163, 326.1818181818182, 0.5555555555555555, 0.6117647058823529
0x00b8d3b2f3, Inverted, 184, 211, 178, 243, 270.46153846153845, 0.7303370786516852, 0.8254901960784313
0x00b8d62a9b, Inverted, 184, 214, 42, 155, 320.5813953488372, 0.6771653543307087, 0.5019607843137255
0x00b8d7c317, Inverted, 184, 215, 195, 23, 53.74999999999999, 0.8067226890756303, 0.4666666666666667
0x00b8d85ff7, Inverted, 184, 216, 95, 247, 287.7631578947368, 0.9047619047619049, 0.6705882352941177
0x00b8dbe16e, Inverted, 184, 219, 225, 110, 63.1304347826087, 0.657142857142857, 0.6568627450980392
0x00b8dc2369, Inverted, 184, 220, 35, 105, 337.2972972972973, 0.7254901960784315, 0.5
0x00b8de8802, Inverted, 184, 222, 136, 2, 36.54545454545455, 0.9821428571428572, 0.4392156862745098
0x00b8e10cb0, Inverted, 184, 225, 12, 176, 313.80281690140845, 0.8987341772151898, 0.4647058823529412
0x00b8e14e60, Inverted, 184, 225, 78, 96, 352.6530612244898, 0.7101449275362318, 0.5941176470588235
0x00b8e44311, Inverted, 184, 228, 67, 17, 14.218009478672986, 0.8612244897959184, 0.4803921568627451
0x00b8e61a6b, Inverted, 184, 230, 26, 107, 336.1764705882353, 0.8031496062992126, 0.5019607843137255
0x00b8e68184, Inverted, 184, 230, 129, 132, 358.2178217821782, 0.6688741721854304, 0.7039215686274509
0x00b8e6bcde, Inverted, 184, 230, 188, 222, 311.42857142857144, 0.45652173913043465, 0.8196078431372549
0x00b8e7847b, Inverted, 184, 231, 132, 123, 5.000000000000005, 0.6923076923076923, 0.6941176470588235
0x00b8eba33a, Inverted, 184, 235, 163, 58, 35.59322033898305, 0.8156682027649769, 0.5745098039215686
0x00b8eef2cd, Inverted, 184, 238, 242, 205, 66.48648648648647, 0.587301587301587, 0.8764705882352941
0x00b8f278bc, Inverted, 184, 242, 120, 188, 326.55737704918033, 0.824324324324324, 0.7098039215686274
0x00b8f565ee, Inverted, 184, 245, 101, 238, 302.91666666666663, 0.878048780487805, 0.6784313725490196
0x00b8f8bad3, Inverted, 184, 248, 186, 211, 335.80645161290323, 0.8157894736842105, 0.8509803921568627
0x00b8fbc3a9, Inverted, 184, 251, 195, 169, 19.024390243902435, 0.9111111111111109, 0.8235294117647058
0x00b8fc9d9f, Inverted, 184, 252, 157, 159, 358.7368421052632, 0.9405940594059408, 0.8019607843137255
0x00b8fecf01, Inverted, 184, 254, 207, 1, 48.85375494071146, 0.9921568627450981, 0.5
0x00b8ffb45a, Inverted, 184, 255, 180, 90, 32.727272727272734, 1, 0.6764705882352942
0x00b905ac20, Inverted, 185, 5, 172, 32, 129.7005988023952, 0.9435028248587569, 0.3470588235294118
0x00b9079891, Inverted, 185, 7, 152, 145, 177.10344827586206, 0.9119496855345911, 0.31176470588235294
0x00b9185a17, Inverted, 185, 24, 90, 23, 119.1044776119403, 0.5929203539823009, 0.2215686274509804
0x00b9190ca9, Inverted, 185, 25, 12, 169, 244.96815286624206, 0.8674033149171272, 0.3549019607843137
0x00b9198225, Inverted, 185, 25, 130, 37, 126.85714285714286, 0.6774193548387097, 0.30392156862745096
0x00b91d22ca, Inverted, 185, 29, 34, 202, 238.26589595375722, 0.7489177489177489, 0.45294117647058824
0x00b920ce90, Inverted, 185, 32, 206, 144, 158.6206896551724, 0.7310924369747899, 0.4666666666666667
0x00b9235950, Inverted, 185, 35, 89, 80, 170, 0.4354838709677418, 0.24313725490196078
0x00b9257fd9, Inverted, 185, 37, 127, 217, 210, 0.7086614173228346, 0.4980392156862745
0x00b929ae8d, Inverted, 185, 41, 174, 141, 165.11278195488723, 0.6186046511627907, 0.4215686274509804
0x00b92e0c26, Inverted, 185, 46, 12, 38, 314.11764705882354, 0.5862068965517242, 0.11372549019607843
0x00b92e9f99, Inverted, 185, 46, 159, 153, 176.81415929203538, 0.5512195121951219, 0.4019607843137255
0x00b92efcbd, Inverted, 185, 46, 252, 189, 161.6504854368932, 0.9716981132075473, 0.5843137254901961
0x00b932e2b0, Inverted, 185, 50, 226, 176, 162.95454545454544, 0.752136752136752, 0.5411764705882353
0x00b93860f9, Inverted, 185, 56, 96, 249, 227.56476683937825, 0.9414634146341463, 0.5980392156862745
0x00b9390448, Inverted, 185, 57, 4, 72, 286.7647058823529, 0.8947368421052629, 0.14901960784313725
0x00b9395ce6, Inverted, 185, 57, 92, 230, 227.8612716763006, 0.7757847533632287, 0.5627450980392157
0x00b939cb26, Inverted, 185, 57, 203, 38, 113.0909090909091, 0.6846473029045642, 0.4725490196078431
0x00b93bf039, Inverted, 185, 59, 240, 57, 119.34426229508196, 0.8591549295774649, 0.5823529411764706
0x00b93da798, Inverted, 185, 61, 167, 152, 171.50943396226413, 0.46491228070175433, 0.4470588235294118
0x00b93dc68b, Inverted, 185, 61, 198, 139, 154.16058394160584, 0.545816733067729, 0.5078431372549019
0x00b93ee8f6, Inverted, 185, 62, 232, 246, 184.56521739130434, 0.9108910891089108, 0.6039215686274509
0x00b94c6a44, Inverted, 185, 76, 106, 68, 107.36842105263158, 0.2183908045977012, 0.3411764705882353
0x00b94d7ed5, Inverted, 185, 77, 126, 213, 218.38235294117646, 0.6181818181818183, 0.5686274509803921
0x00b950172f, Inverted, 185, 80, 23, 47, 334.7368421052632, 0.5533980582524272, 0.2019607843137255
0x00b953402c, Inverted, 185, 83, 64, 44, 30.769230769230766, 0.30708661417322836, 0.24901960784313726
0x00b9534d63, Inverted, 185, 83, 77, 99, 256.3636363636364, 0.12500000000000003, 0.34509803921568627
0x00b95e90d9, Inverted, 185, 94, 144, 217, 215.609756097561, 0.6180904522613065, 0.6098039215686275
0x00b96a6ecb, Inverted, 185, 106, 110, 203, 237.5257731958763, 0.4825870646766168, 0.6058823529411764
0x00b9726315, Inverted, 185, 114, 99, 21, 50.322580645161295, 0.688888888888889, 0.2647058823529412
0x00b973e255, Inverted, 185, 115, 226, 85, 107.23404255319149, 0.7085427135678392, 0.6098039215686274
0x00b9752dee, Inverted, 185, 117, 45, 238, 262.38341968911914, 0.8502202643171807, 0.5549019607843138
0x00b9790fd3, Inverted, 185, 121, 15, 211, 272.4489795918367, 0.8672566371681416, 0.44313725490196076
0x00b97a9a6b, Inverted, 185, 122, 154, 107, 100.85106382978722, 0.18875502008032122, 0.5117647058823529
0x00b97ac494, Inverted, 185, 122, 196, 148, 141.08108108108107, 0.3854166666666667, 0.6235294117647059
0x00b984deb4, Inverted, 185, 132, 222, 180, 152, 0.5769230769230769, 0.6941176470588235
0x00b985cc98, Inverted, 185, 133, 204, 152, 136.056338028169, 0.4104046242774568, 0.6607843137254903
0x00b98677ba, Inverted, 185, 134, 119, 186, 253.43283582089555, 0.3268292682926829, 0.5980392156862745
0x00b986f990, Inverted, 185, 134, 249, 144, 125.21739130434783, 0.905511811023622, 0.7509803921568627
0x00b987d50f, Inverted, 185, 135, 213, 15, 83.63636363636364, 0.8684210526315789, 0.4470588235294118
0x00b98bd0bc, Inverted, 185, 139, 208, 188, 162.60869565217394, 0.42331288343558293, 0.6803921568627451
0x00b98f6fb9, Inverted, 185, 143, 111, 185, 265.94594594594594, 0.3457943925233644, 0.580392156862745
0x00b9929bc4, Inverted, 185, 146, 155, 196, 229.20000000000002, 0.2976190476190478, 0.6705882352941177
0x00b992f34a, Inverted, 185, 146, 243, 74, 94.43786982248521, 0.8756476683937823, 0.6215686274509804
0x00b9950b95, Inverted, 185, 149, 11, 149, 300, 0.8625000000000002, 0.3137254901960784
0x00b995f53b, Inverted, 185, 149, 245, 59, 90.96774193548387, 0.9029126213592233, 0.596078431372549
0x00b99707fe, Inverted, 185, 151, 7, 254, 274.97975708502025, 0.9919678714859437, 0.5117647058823529
0x00b9975394, Inverted, 185, 151, 83, 148, 302.6470588235294, 0.29059829059829057, 0.45882352941176474
0x00b9976e8e, Inverted, 185, 151, 110, 142, 313.1707317073171, 0.16465863453815258, 0.5117647058823529
0x00b9977678, Inverted, 185, 151, 118, 120, 356.3636363636364, 0.13692946058091285, 0.5274509803921569
0x00b99efe81, Inverted, 185, 158, 254, 129, 106.08, 0.984251968503937, 0.7509803921568627
0x00b9a42e6f, Inverted, 185, 164, 46, 111, 326.9491525423729, 0.5619047619047619, 0.411764705882353
0x00b9a4634b, Inverted, 185, 164, 99, 75, 16.179775280898877, 0.37238493723849375, 0.46862745098039216
0x00b9a70159, Inverted, 185, 167, 1, 89, 328.1927710843373, 0.9880952380952381, 0.32941176470588235
0x00b9a7fd17, Inverted, 185, 167, 253, 23, 82.43478260869566, 0.9829059829059829, 0.5411764705882353
0x00b9ab1a42, Inverted, 185, 171, 26, 66, 343.44827586206895, 0.7360406091370559, 0.38627450980392153
0x00b9ab579c, Inverted, 185, 171, 87, 156, 310.71428571428567, 0.33333333333333326, 0.5058823529411764
0x00b9ae5e74, Inverted, 185, 174, 94, 116, 343.5, 0.3305785123966942, 0.5254901960784314
0x00b9aed37b, Inverted, 185, 174, 211, 123, 85.22727272727272, 0.49999999999999994, 0.6549019607843137
0x00b9b03461, Inverted, 185, 176, 52, 97, 338.2258064516129, 0.543859649122807, 0.44705882352941173
0x00b9b189c9, Inverted, 185, 177, 137, 201, 277.5, 0.37209302325581395, 0.6627450980392157
0x00b9b44397, Inverted, 185, 180, 67, 151, 315.39823008849555, 0.4574898785425101, 0.48431372549019613
0x00b9b95776, Inverted, 185, 185, 87, 118, 341.0204081632653, 0.4117647058823529, 0.5333333333333333
0x00b9bf255e, Inverted, 185, 191, 37, 94, 337.7922077922078, 0.675438596491228, 0.4470588235294118
0x00b9c8cc73, Inverted, 185, 200, 204, 115, 62.69662921348315, 0.4659685863874346, 0.6254901960784314
0x00b9c9ae2e, Inverted, 185, 201, 174, 46, 49.5483870967742, 0.6275303643724696, 0.4843137254901961
0x00b9d15752, Inverted, 185, 209, 87, 82, 2.3622047244094477, 0.5799086757990867, 0.5705882352941176
0x00b9d54385, Inverted, 185, 213, 67, 133, 332.8767123287671, 0.6347826086956522, 0.5490196078431373
0x00b9d56c4e, Inverted, 185, 213, 108, 78, 13.333333333333329, 0.6164383561643836, 0.5705882352941176
0x00b9d78488, Inverted, 185, 215, 132, 136, 357.10843373493975, 0.50920245398773, 0.6803921568627451
0x00b9d93f8d, Inverted, 185, 217, 63, 141, 329.61038961038963, 0.6695652173913044, 0.5490196078431373
0x00b9db4c32, Inverted, 185, 219, 76, 50, 9.230769230769232, 0.7012448132780082, 0.5274509803921569
0x00b9dc60a2, Inverted, 185, 220, 96, 162, 328.06451612903226, 0.6391752577319588, 0.6196078431372549
0x00b9de3bf8, Inverted, 185, 222, 59, 248, 291.74603174603175, 0.9310344827586207, 0.6019607843137255
0x00b9de9a72, Inverted, 185, 222, 154, 114, 22.222222222222214, 0.6206896551724138, 0.6588235294117647
0x00b9e57ec7, Inverted, 185, 229, 126, 199, 317.4757281553398, 0.664516129032258, 0.696078431372549
0x00b9e60599, Inverted, 185, 230, 5, 153, 320.53333333333336, 0.9574468085106382, 0.4607843137254902
0x00b9e6f0b8, Inverted, 185, 230, 240, 184, 70.71428571428571, 0.6511627906976741, 0.8313725490196078
0x00b9e7497b, Inverted, 185, 231, 73, 123, 341.0126582278481, 0.7669902912621359, 0.596078431372549
0x00b9ef61da, Inverted, 185, 239, 97, 218, 308.8732394366197, 0.8160919540229885, 0.6588235294117647
0x00b9f00821, Inverted, 185, 240, 8, 33, 353.5344827586207, 0.9354838709677419, 0.48627450980392156
0x00b9f7ce71, Inverted, 185, 247, 206, 113, 41.64179104477612, 0.8933333333333332, 0.7058823529411764
0x00b9faec3e, Inverted, 185, 250, 236, 62, 55.53191489361703, 0.9494949494949493, 0.6117647058823529
0x00ba0089b5, Inverted, 186, 0, 137, 181, 194.585635359116, 1, 0.35490196078431374
0x00ba0115da, Inverted, 186, 1, 21, 218, 234.4700460829493, 0.9908675799086758, 0.4294117647058823
0x00ba015f74, Inverted, 186, 1, 95, 116, 190.95652173913044, 0.9829059829059831, 0.22941176470588234
0x00ba020019, Inverted, 186, 2, 0, 25, 244.8, 1.0000000000000002, 0.049019607843137254
0x00ba07f001, Inverted, 186, 7, 240, 1, 118.49372384937239, 0.991701244813278, 0.4725490196078431
0x00ba087769, Inverted, 186, 8, 119, 105, 172.43243243243242, 0.8740157480314961, 0.24901960784313726
0x00ba093a87, Inverted, 186, 9, 58, 135, 216.66666666666666, 0.875, 0.2823529411764706
0x00ba09dc05, Inverted, 186, 9, 220, 5, 118.88372093023256, 0.9555555555555555, 0.44117647058823534
0x00ba0e89e7, Inverted, 186, 14, 137, 231, 205.99078341013825, 0.8857142857142857, 0.4803921568627451
0x00ba10c43e, Inverted, 186, 16, 196, 62, 135.33333333333334, 0.8490566037735849, 0.41568627450980394
0x00ba144170, Inverted, 186, 20, 65, 112, 210.6521739130435, 0.696969696969697, 0.2588235294117647
0x00ba190783, Inverted, 186, 25, 7, 131, 248.70967741935485, 0.8985507246376812, 0.27058823529411763
0x00ba19fd07, Inverted, 186, 25, 253, 7, 115.60975609756098, 0.984, 0.5098039215686274
0x00ba1a494b, Inverted, 186, 26, 73, 75, 182.44897959183675, 0.48514851485148514, 0.19803921568627453
0x00ba1ce958, Inverted, 186, 28, 233, 88, 137.5609756097561, 0.823293172690763, 0.5117647058823529
0x00ba1fbc0b, Inverted, 186, 31, 188, 11, 113.22033898305084, 0.8894472361809046, 0.39019607843137255
0x00ba204151, Inverted, 186, 32, 65, 81, 199.59183673469389, 0.4336283185840708, 0.22156862745098038
0x00ba20e090, Inverted, 186, 32, 224, 144, 155, 0.7559055118110236, 0.5019607843137255
0x00ba231d86, Inverted, 186, 35, 29, 134, 243.42857142857142, 0.6441717791411042, 0.31960784313725493
0x00ba2b58f0, Inverted, 186, 43, 88, 240, 226.29441624365484, 0.8678414096916299, 0.5549019607843138
0x00ba2e567b, Inverted, 186, 46, 86, 123, 208.8311688311688, 0.455621301775148, 0.33137254901960783
0x00ba2e6d6f, Inverted, 186, 46, 109, 111, 181.84615384615384, 0.41401273885350315, 0.307843137254902
0x00ba336a05, Inverted, 186, 51, 106, 5, 92.67326732673267, 0.9099099099099099, 0.21764705882352942
0x00ba34a046, Inverted, 186, 52, 160, 70, 130.00000000000003, 0.5094339622641509, 0.4156862745098039
0x00ba355d06, Inverted, 186, 53, 93, 6, 87.58620689655172, 0.8787878787878789, 0.1941176470588235
0x00ba3bdb33, Inverted, 186, 59, 219, 51, 117.14285714285714, 0.6999999999999998, 0.5294117647058824
0x00ba3cffe1, Inverted, 186, 60, 255, 225, 170.76923076923077, 1, 0.6176470588235294
0x00ba3d2f53, Inverted, 186, 61, 47, 83, 263.33333333333337, 0.27692307692307694, 0.2549019607843137
0x00ba3e12fb, Inverted, 186, 62, 18, 251, 251.3304721030043, 0.966804979253112, 0.5274509803921569
0x00ba3f3dad, Inverted, 186, 63, 61, 173, 241.07142857142858, 0.4786324786324786, 0.45882352941176474
0x00ba4027b8, Inverted, 186, 64, 39, 184, 250.34482758620692, 0.6502242152466368, 0.4372549019607843
0x00ba40edfc, Inverted, 186, 64, 237, 252, 184.78723404255317, 0.9690721649484537, 0.6196078431372549
0x00ba4545d2, Inverted, 186, 69, 69, 210, 240, 0.6103896103896104, 0.5470588235294117
0x00ba473ecc, Inverted, 186, 71, 62, 204, 243.80281690140845, 0.5819672131147542, 0.5215686274509804
0x00ba479c53, Inverted, 186, 71, 156, 83, 128.47058823529412, 0.3744493392070485, 0.4450980392156863
0x00ba47d6a9, Inverted, 186, 71, 214, 169, 161.1188811188811, 0.6355555555555555, 0.5588235294117647
0x00ba48b58f, Inverted, 186, 72, 181, 143, 159.08256880733944, 0.4308300395256917, 0.49607843137254903
0x00ba4d823b, Inverted, 186, 77, 130, 59, 104.7887323943662, 0.3756613756613756, 0.37058823529411766
0x00ba4e3fce, Inverted, 186, 78, 63, 206, 246.2937062937063, 0.5933609958506224, 0.5274509803921569
0x00ba4ee512, Inverted, 186, 78, 229, 18, 102.93838862559241, 0.8542510121457491, 0.4843137254901961
0x00ba4f5fad, Inverted, 186, 79, 95, 173, 229.7872340425532, 0.373015873015873, 0.49411764705882355
0x00ba50ecb2, Inverted, 186, 80, 236, 178, 157.69230769230768, 0.8041237113402063, 0.6196078431372549
0x00ba53e090, Inverted, 186, 83, 224, 144, 145.95744680851064, 0.6945812807881774, 0.6019607843137255
0x00ba5871b4, Inverted, 186, 88, 113, 180, 223.69565217391303, 0.3801652892561984, 0.5254901960784314
0x00ba5b73c0, Inverted, 186, 91, 115, 192, 225.74257425742573, 0.44493392070484583, 0.5549019607843138
0x00ba631d90, Inverted, 186, 99, 29, 144, 276.5217391304348, 0.6647398843930635, 0.3392156862745098
0x00ba6b5a83, Inverted, 186, 107, 90, 131, 264.8780487804878, 0.18552036199095015, 0.43333333333333335
0x00ba6b6f08, Inverted, 186, 107, 111, 8, 62.33009708737864, 0.865546218487395, 0.23333333333333334
0x00ba6ea5c3, Inverted, 186, 110, 165, 195, 201.17647058823528, 0.4146341463414633, 0.5980392156862745
0x00ba7421a8, Inverted, 186, 116, 33, 168, 276.88888888888886, 0.6716417910447762, 0.3941176470588235
0x00ba79b405, Inverted, 186, 121, 180, 5, 80.22857142857143, 0.9459459459459458, 0.36274509803921573
0x00ba7d1046, Inverted, 186, 125, 16, 70, 330.27522935779814, 0.7730496453900708, 0.27647058823529413
0x00ba7e06d9, Inverted, 186, 126, 6, 217, 274.1232227488151, 0.9461883408071748, 0.4372549019607843
0x00ba80e649, Inverted, 186, 128, 230, 73, 98.98089171974523, 0.7584541062801933, 0.5941176470588235
0x00ba840682, Inverted, 186, 132, 6, 130, 300.95238095238096, 0.9130434782608695, 0.2705882352941177
0x00ba853bca, Inverted, 186, 133, 59, 202, 271.04895104895104, 0.57429718875502, 0.5117647058823529
0x00ba86f9ed, Inverted, 186, 134, 249, 237, 173.73913043478262, 0.905511811023622, 0.7509803921568627
0x00ba899ef0, Inverted, 186, 137, 158, 240, 227.76699029126215, 0.774436090225564, 0.7392156862745098
0x00ba8b5aa6, Inverted, 186, 139, 90, 166, 278.6842105263158, 0.2992125984251968, 0.5019607843137255
0x00ba902e77, Inverted, 186, 144, 46, 119, 315.3061224489796, 0.5157894736842105, 0.37254901960784315
0x00ba92e65a, Inverted, 186, 146, 230, 90, 96, 0.736842105263158, 0.6274509803921569
0x00ba932113, Inverted, 186, 147, 33, 19, 6.562500000000002, 0.7710843373493977, 0.3254901960784313
0x00ba942036, Inverted, 186, 148, 32, 54, 348.62068965517244, 0.6444444444444445, 0.35294117647058826
0x00ba955b95, Inverted, 186, 149, 91, 149, 300, 0.2416666666666667, 0.47058823529411764
0x00ba973ecb, Inverted, 186, 151, 62, 203, 277.8723404255319, 0.5755102040816324, 0.5196078431372548
0x00ba98dbac, Inverted, 186, 152, 219, 172, 137.91044776119406, 0.4820143884892085, 0.7274509803921568
0x00ba9a4859, Inverted, 186, 154, 72, 89, 347.5609756097561, 0.3628318584070796, 0.44313725490196076
0x00ba9d16bb, Inverted, 186, 157, 22, 187, 289.0909090909091, 0.7894736842105262, 0.40980392156862744
0x00ba9d7851, Inverted, 186, 157, 120, 81, 30.78947368421052, 0.319327731092437, 0.4666666666666667
0x00ba9e4ccd, Inverted, 186, 158, 76, 205, 278.13953488372096, 0.5633187772925764, 0.5509803921568628
0x00ba9eb243, Inverted, 186, 158, 178, 67, 70.8108108108108, 0.4530612244897959, 0.48039215686274506
0x00baa4888e, Inverted, 186, 164, 136, 142, 347.1428571428571, 0.13333333333333341, 0.5882352941176471
0x00baa915ea, Inverted, 186, 169, 21, 234, 281.69014084507046, 0.8352941176470587, 0.5
0x00baab9a3d, Inverted, 186, 171, 154, 61, 50.72727272727273, 0.47413793103448265, 0.4549019607843137
0x00bab07a16, Inverted, 186, 176, 122, 22, 38.961038961038966, 0.7777777777777777, 0.38823529411764707
0x00bab0b591, Inverted, 186, 176, 181, 145, 68.33333333333336, 0.19565217391304351, 0.6392156862745098
0x00bab1a157, Inverted, 186, 177, 161, 87, 49.33333333333333, 0.3658536585365853, 0.5176470588235293
0x00bab21a84, Inverted, 186, 178, 26, 132, 318.1578947368421, 0.7450980392156863, 0.39999999999999997
0x00bab691c4, Inverted, 186, 182, 145, 196, 283.5294117647059, 0.30177514792899424, 0.6686274509803922
0x00baba14c9, Inverted, 186, 186, 20, 201, 295.02762430939225, 0.8190045248868777, 0.43333333333333335
0x00babb3288, Inverted, 186, 187, 50, 136, 322.33576642335765, 0.5780590717299579, 0.46470588235294114
0x00babc62d6, Inverted, 186, 188, 98, 214, 286.55172413793105, 0.585858585858586, 0.611764705882353
0x00bac0d514, Inverted, 186, 192, 213, 20, 66.52849740932642, 0.8283261802575106, 0.45686274509803926
0x00bac48248, Inverted, 186, 196, 130, 72, 28.06451612903225, 0.5123966942148761, 0.5254901960784314
0x00bac5acb1, Inverted, 186, 197, 172, 177, 348.00000000000006, 0.17730496453900713, 0.723529411764706
0x00bac5d72c, Inverted, 186, 197, 215, 44, 66.3157894736842, 0.6812749003984064, 0.5078431372549019
0x00bac9dcd9, Inverted, 186, 201, 220, 217, 170.52631578947364, 0.21348314606741586, 0.8254901960784313
0x00baca498f, Inverted, 186, 202, 73, 143, 327.4418604651163, 0.5489361702127659, 0.5392156862745098
0x00bacceed5, Inverted, 186, 204, 238, 213, 135.88235294117646, 0.5, 0.8666666666666667
0x00bacdadf8, Inverted, 186, 205, 173, 248, 265.6, 0.8426966292134828, 0.8254901960784313
0x00bad7654a, Inverted, 186, 215, 101, 74, 11.489361702127654, 0.6380090497737557, 0.5666666666666667
0x00bada360f, Inverted, 186, 218, 54, 15, 11.527093596059114, 0.871244635193133, 0.4568627450980392
0x00bada9c4d, Inverted, 186, 218, 156, 77, 33.61702127659575, 0.655813953488372, 0.5784313725490196
0x00badd7eac, Inverted, 186, 221, 126, 172, 330.9473684210526, 0.5828220858895706, 0.6803921568627451
0x00badec480, Inverted, 186, 222, 196, 128, 43.40425531914894, 0.5875, 0.6862745098039216
0x00bae2f6f0, Inverted, 186, 226, 246, 240, 161.99999999999997, 0.5263157894736848, 0.9254901960784314
0x00bae2f826, Inverted, 186, 226, 248, 38, 66.28571428571429, 0.9375, 0.5607843137254902
0x00bae30eb1, Inverted, 186, 227, 14, 177, 314.0845070422535, 0.8838174273858921, 0.4725490196078431
0x00bae40b00, Inverted, 186, 228, 11, 0, 2.894736842105263, 1, 0.4470588235294118
0x00bae5b719, Inverted, 186, 229, 183, 25, 46.470588235294116, 0.8031496062992126, 0.4980392156862745
0x00bae61078, Inverted, 186, 230, 16, 120, 330.8411214953271, 0.8699186991869918, 0.4823529411764706
0x00bae67f9d, Inverted, 186, 230, 127, 157, 342.5242718446602, 0.6732026143790849, 0.7
0x00bae6899d, Inverted, 186, 230, 137, 157, 347.09677419354836, 0.6503496503496504, 0.7196078431372549
0x00bae737d3, Inverted, 186, 231, 55, 211, 306.8181818181818, 0.7857142857142857, 0.5607843137254902
0x00baeea652, Inverted, 186, 238, 166, 82, 32.30769230769231, 0.8210526315789474, 0.6274509803921569
0x00baf32ecf, Inverted, 186, 243, 46, 207, 310.96446700507613, 0.8914027149321265, 0.5666666666666667
0x00baf4a2d0, Inverted, 186, 244, 162, 208, 326.3414634146342, 0.7884615384615389, 0.7960784313725491
0x00baf62f5e, Inverted, 186, 246, 47, 94, 345.8291457286432, 0.9170506912442395, 0.5745098039215686
0x00baf69d53, Inverted, 186, 246, 157, 83, 27.239263803680988, 0.9005524861878453, 0.6450980392156863
0x00baf78b1d, Inverted, 186, 247, 139, 29, 30.275229357798164, 0.9316239316239315, 0.5411764705882353
0x00bafa0c61, Inverted, 186, 250, 12, 97, 338.57142857142856, 0.9596774193548386, 0.5137254901960784
0x00bb008298, Inverted, 187, 0, 130, 152, 188.6842105263158, 1, 0.2980392156862745
0x00bb013206, Inverted, 187, 1, 50, 6, 126.12244897959184, 0.9607843137254903, 0.1
0x00bb053c8b, Inverted, 187, 5, 60, 139, 215.3731343283582, 0.9305555555555554, 0.2823529411764706
0x00bb082d87, Inverted, 187, 8, 45, 135, 222.51968503937007, 0.8881118881118881, 0.2803921568627451
0x00bb0b9aaf, Inverted, 187, 11, 154, 175, 187.6829268292683, 0.881720430107527, 0.36470588235294116
0x00bb0f6667, Inverted, 187, 15, 102, 103, 180.6818181818182, 0.7457627118644067, 0.23137254901960785
0x00bb1681ef, Inverted, 187, 22, 129, 239, 210.4147465437788, 0.8714859437751002, 0.5117647058823529
0x00bb2136d4, Inverted, 187, 33, 54, 212, 232.9608938547486, 0.7306122448979592, 0.4803921568627451
0x00bb235f3a, Inverted, 187, 35, 95, 58, 143, 0.46153846153846156, 0.2549019607843137
0x00bb251385, Inverted, 187, 37, 19, 133, 249.47368421052633, 0.75, 0.2980392156862745
0x00bb2cd0fd, Inverted, 187, 44, 208, 253, 192.91866028708134, 0.9812206572769954, 0.5823529411764706
0x00bb2d3d44, Inverted, 187, 45, 61, 68, 198.2608695652174, 0.20353982300884954, 0.22156862745098038
0x00bb2d7544, Inverted, 187, 45, 117, 68, 139.16666666666669, 0.4444444444444445, 0.3176470588235294
0x00bb2ec9ef, Inverted, 187, 46, 201, 239, 191.81347150259066, 0.8577777777777778, 0.5588235294117647
0x00bb2ed146, Inverted, 187, 46, 209, 70, 128.83435582822085, 0.6392156862745098, 0.5
0x00bb2f6cf7, Inverted, 187, 47, 108, 247, 221.7, 0.9259259259259258, 0.5764705882352941
0x00bb307467, Inverted, 187, 48, 116, 103, 168.52941176470586, 0.41463414634146345, 0.32156862745098036
0x00bb31f819, Inverted, 187, 49, 248, 25, 113.54260089686098, 0.940928270042194, 0.5352941176470588
0x00bb38539d, Inverted, 187, 56, 83, 157, 223.96039603960395, 0.47417840375586856, 0.4176470588235294
0x00bb3901a0, Inverted, 187, 57, 1, 160, 261.1320754716981, 0.9875776397515529, 0.3156862745098039
0x00bb3a6c8d, Inverted, 187, 58, 108, 141, 203.85542168674698, 0.4170854271356785, 0.39019607843137255
0x00bb3db433, Inverted, 187, 61, 180, 51, 115.34883720930233, 0.5584415584415583, 0.4529411764705883
0x00bb4da657, Inverted, 187, 77, 166, 87, 126.74157303370788, 0.36625514403292186, 0.4764705882352941
0x00bb4f956c, Inverted, 187, 79, 149, 108, 144.85714285714286, 0.30701754385964913, 0.4470588235294118
0x00bb528a8e, Inverted, 187, 82, 138, 142, 184, 0.26785714285714285, 0.4392156862745098
0x00bb53d907, Inverted, 187, 83, 217, 7, 98.28571428571428, 0.9375, 0.4392156862745098
0x00bb5599ba, Inverted, 187, 85, 153, 186, 199.60396039603958, 0.4225941422594142, 0.5313725490196078
0x00bb5a125d, Inverted, 187, 90, 18, 93, 297.6, 0.6756756756756755, 0.21764705882352942
0x00bb5a9106, Inverted, 187, 90, 145, 6, 83.74100719424459, 0.9205298013245032, 0.296078431372549
0x00bb5b6639, Inverted, 187, 91, 102, 57, 74.66666666666667, 0.2830188679245283, 0.31176470588235294
0x00bb5e50a2, Inverted, 187, 94, 80, 162, 250.2439024390244, 0.33884297520661155, 0.4745098039215686
0x00bb66218f, Inverted, 187, 102, 33, 143, 277.6363636363636, 0.625, 0.34509803921568627
0x00bb679e3b, Inverted, 187, 103, 158, 59, 93.33333333333333, 0.456221198156682, 0.4254901960784314
0x00bb68b0b7, Inverted, 187, 104, 176, 183, 185.31645569620252, 0.3542600896860987, 0.5627450980392157
0x00bb6a3b03, Inverted, 187, 106, 59, 3, 32.62135922330097, 0.9449541284403669, 0.21372549019607845
0x00bb6af78e, Inverted, 187, 106, 247, 142, 135.31914893617022, 0.8980891719745223, 0.692156862745098
0x00bb6b5507, Inverted, 187, 107, 85, 7, 46.8, 0.8771929824561404, 0.2235294117647059
0x00bb6bbd01, Inverted, 187, 107, 189, 1, 86.17021276595744, 0.9894736842105264, 0.37254901960784315
0x00bb72dca9, Inverted, 187, 114, 220, 169, 151.1320754716981, 0.6022727272727273, 0.6549019607843137
0x00bb7370f1, Inverted, 187, 115, 112, 241, 241.3953488372093, 0.8216560509554139, 0.692156862745098
0x00bb798cdd, Inverted, 187, 121, 140, 221, 228.6, 0.5952380952380955, 0.6705882352941177
0x00bb7ffdb3, Inverted, 187, 127, 253, 179, 144.76190476190476, 0.9692307692307693, 0.7450980392156863
0x00bb807b5a, Inverted, 187, 128, 123, 90, 52.10526315789474, 0.17431192660550454, 0.4274509803921569
0x00bb8134ef, Inverted, 187, 129, 52, 239, 264.7058823529412, 0.8538812785388128, 0.5705882352941176
0x00bb857b6b, Inverted, 187, 133, 123, 107, 36.92307692307691, 0.10833333333333336, 0.47058823529411764
0x00bb8bfae0, Inverted, 187, 139, 250, 224, 165.94594594594597, 0.9173553719008263, 0.7627450980392156
0x00bb8cb64e, Inverted, 187, 140, 182, 78, 84.23076923076923, 0.416, 0.5098039215686274
0x00bb8f5b3f, Inverted, 187, 143, 91, 63, 21, 0.3883495145631068, 0.403921568627451
0x00bb90da90, Inverted, 187, 144, 218, 144, 120, 0.49999999999999983, 0.7098039215686274
0x00bb97027c, Inverted, 187, 151, 2, 124, 310.8724832214765, 0.9738562091503269, 0.3
0x00bb9b3112, Inverted, 187, 155, 49, 18, 13.576642335766426, 0.7919075144508672, 0.33921568627450976
0x00bb9c2cdd, Inverted, 187, 156, 44, 221, 277.96610169491527, 0.7224489795918367, 0.5196078431372549
0x00bba07a71, Inverted, 187, 160, 122, 113, 11.489361702127672, 0.19831223628691982, 0.5352941176470588
0x00bba0e7aa, Inverted, 187, 160, 231, 170, 128.4507042253521, 0.5966386554621848, 0.7666666666666666
0x00bba2a882, Inverted, 187, 162, 168, 130, 69.47368421052632, 0.1792452830188679, 0.584313725490196
0x00bba41bdb, Inverted, 187, 164, 27, 219, 282.8125, 0.7804878048780488, 0.48235294117647054
0x00bba71db0, Inverted, 187, 167, 29, 176, 296.3265306122449, 0.7170731707317072, 0.4019607843137255
0x00bba73134, Inverted, 187, 167, 49, 52, 358.47457627118644, 0.5462962962962963, 0.4235294117647059
0x00bbaaff3e, Inverted, 187, 170, 255, 62, 86.42487046632124, 1, 0.6215686274509804
0x00bbac7c98, Inverted, 187, 172, 124, 152, 325, 0.22429906542056083, 0.5803921568627451
0x00bbacdaf1, Inverted, 187, 172, 218, 241, 200, 0.7113402061855668, 0.8098039215686275
0x00bbb3b03e, Inverted, 187, 179, 176, 62, 58.46153846153847, 0.48547717842323646, 0.4725490196078431
0x00bbc09567, Inverted, 187, 192, 149, 103, 31.01123595505619, 0.41395348837209295, 0.5784313725490196
0x00bbc246b7, Inverted, 187, 194, 70, 183, 305.3225806451613, 0.5040650406504064, 0.5176470588235293
0x00bbc46a39, Inverted, 187, 196, 106, 57, 21.151079136690647, 0.549407114624506, 0.49607843137254903
0x00bbc4df58, Inverted, 187, 196, 223, 88, 72, 0.678391959798995, 0.6098039215686275
0x00bbc4e32f, Inverted, 187, 196, 227, 47, 70.33333333333333, 0.7627118644067795, 0.5372549019607843
0x00bbc791c7, Inverted, 187, 199, 145, 199, 300, 0.3253012048192772, 0.6745098039215687
0x00bbc837b5, Inverted, 187, 200, 55, 181, 307.8620689655172, 0.5686274509803921, 0.5
0x00bbca461d, Inverted, 187, 202, 70, 29, 14.219653179190756, 0.7489177489177489, 0.45294117647058824
0x00bbca4d74, Inverted, 187, 202, 77, 116, 341.28, 0.541125541125541, 0.5470588235294117
0x00bbcc809a, Inverted, 187, 204, 128, 154, 339.4736842105263, 0.42696629213483156, 0.6509803921568628
0x00bbccbda2, Inverted, 187, 204, 189, 162, 38.57142857142858, 0.2916666666666668, 0.7176470588235294
0x00bbd46940, Inverted, 187, 212, 105, 64, 16.621621621621617, 0.6324786324786327, 0.5411764705882354
0x00bbd50350, Inverted, 187, 213, 3, 80, 338, 0.9722222222222223, 0.4235294117647059
0x00bbdc3209, Inverted, 187, 220, 50, 9, 11.658767772511847, 0.9213973799126638, 0.44901960784313727
0x00bbdf1e79, Inverted, 187, 223, 30, 121, 331.7098445595855, 0.7628458498023715, 0.49607843137254903
0x00bbdf8fd2, Inverted, 187, 223, 143, 210, 309.75, 0.5555555555555556, 0.7176470588235294
0x00bbe22625, Inverted, 187, 226, 38, 37, 0.31746031746031633, 0.7651821862348176, 0.5156862745098039
0x00bbe2dba4, Inverted, 187, 226, 219, 164, 53.2258064516129, 0.5166666666666664, 0.7647058823529411
0x00bbe425cb, Inverted, 187, 228, 37, 203, 307.85340314136124, 0.7795918367346939, 0.5196078431372549
0x00bbe79062, Inverted, 187, 231, 144, 98, 20.751879699248118, 0.7348066298342542, 0.6450980392156863
0x00bbe7eb64, Inverted, 187, 231, 235, 100, 61.77777777777778, 0.7714285714285712, 0.6568627450980392
0x00bbe8eb91, Inverted, 187, 232, 235, 145, 61.99999999999999, 0.6923076923076923, 0.7450980392156863
0x00bbe9241d, Inverted, 187, 233, 36, 29, 2.058823529411765, 0.8225806451612901, 0.5137254901960784
0x00bbec2102, Inverted, 187, 236, 33, 2, 7.948717948717949, 0.9831932773109244, 0.4666666666666667
0x00bbed0a72, Inverted, 187, 237, 10, 114, 332.511013215859, 0.9190283400809717, 0.4843137254901961
0x00bbef1eaa, Inverted, 187, 239, 30, 170, 319.8086124401914, 0.8672199170124482, 0.5274509803921569
0x00bbf05082, Inverted, 187, 240, 80, 130, 341.25, 0.8421052631578947, 0.6274509803921569
0x00bbf05122, Inverted, 187, 240, 81, 34, 13.689320388349513, 0.8728813559322034, 0.5372549019607843
0x00bbf2b2df, Inverted, 187, 242, 178, 223, 317.8125, 0.7111111111111109, 0.8235294117647058
0x00bbf37e34, Inverted, 187, 243, 126, 52, 23.24607329842932, 0.8883720930232557, 0.5784313725490196
0x00bbf55159, Inverted, 187, 245, 81, 89, 357.0731707317073, 0.8913043478260869, 0.6392156862745098
0x00bc04048d, Inverted, 188, 4, 4, 141, 240, 0.9448275862068968, 0.28431372549019607
0x00bc0bafae, Inverted, 188, 11, 175, 174, 179.63414634146343, 0.881720430107527, 0.36470588235294116
0x00bc0c36d1, Inverted, 188, 12, 54, 209, 227.20812182741116, 0.8914027149321265, 0.43333333333333335
0x00bc0e4d36, Inverted, 188, 14, 77, 54, 158.0952380952381, 0.6923076923076924, 0.17843137254901958
0x00bc11ac7c, Inverted, 188, 17, 172, 124, 161.4193548387097, 0.8201058201058201, 0.37058823529411766
0x00bc12aed3, Inverted, 188, 18, 174, 211, 191.50259067357513, 0.8427947598253276, 0.4490196078431372
0x00bc160309, Inverted, 188, 22, 3, 9, 341.0526315789474, 0.7600000000000001, 0.049019607843137254
0x00bc161840, Inverted, 188, 22, 24, 64, 237.14285714285717, 0.4883720930232558, 0.16862745098039217
0x00bc1703f0, Inverted, 188, 23, 3, 240, 245.0632911392405, 0.9753086419753088, 0.4764705882352941
0x00bc1ba1e9, Inverted, 188, 27, 161, 233, 200.97087378640776, 0.824, 0.5098039215686274
0x00bc1d3fed, Inverted, 188, 29, 63, 237, 230.1923076923077, 0.8524590163934427, 0.5215686274509804
0x00bc1edac8, Inverted, 188, 30, 218, 200, 174.25531914893617, 0.7580645161290323, 0.48627450980392156
0x00bc26da2e, Inverted, 188, 38, 218, 46, 122.66666666666666, 0.7086614173228346, 0.5019607843137255
0x00bc2a4164, Inverted, 188, 42, 65, 100, 216.20689655172413, 0.40845070422535207, 0.2784313725490196
0x00bc2e339e, Inverted, 188, 46, 51, 158, 237.32142857142856, 0.5490196078431372, 0.4
0x00bc371c1f, Inverted, 188, 55, 28, 31, 353.3333333333333, 0.3253012048192772, 0.1627450980392157
0x00bc38d9b1, Inverted, 188, 56, 217, 177, 165.09316770186336, 0.6793248945147679, 0.5352941176470588
0x00bc3de1e9, Inverted, 188, 61, 225, 233, 182.7906976744186, 0.7962962962962962, 0.5764705882352941
0x00bc41323f, Inverted, 188, 65, 50, 63, 308, 0.13043478260869562, 0.22549019607843135
0x00bc487c51, Inverted, 188, 72, 124, 81, 130.3846153846154, 0.2653061224489796, 0.38431372549019605
0x00bc4bfa7f, Inverted, 188, 75, 250, 127, 137.82857142857142, 0.9459459459459458, 0.6372549019607843
0x00bc4ea49f, Inverted, 188, 78, 164, 159, 176.51162790697674, 0.35537190082644626, 0.47450980392156866
0x00bc4eaeca, Inverted, 188, 78, 174, 202, 193.54838709677418, 0.5391304347826087, 0.5490196078431373
0x00bc4ee1cd, Inverted, 188, 78, 225, 205, 171.83673469387753, 0.7101449275362318, 0.5941176470588235
0x00bc51bef5, Inverted, 188, 81, 190, 245, 200.1219512195122, 0.8913043478260869, 0.6392156862745098
0x00bc56210d, Inverted, 188, 86, 33, 13, 16.43835616438356, 0.7373737373737376, 0.19411764705882353
0x00bc5f18ec, Inverted, 188, 95, 24, 236, 260.0943396226415, 0.848, 0.5098039215686274
0x00bc619130, Inverted, 188, 97, 145, 48, 89.69072164948454, 0.5025906735751295, 0.3784313725490196
0x00bc658ff2, Inverted, 188, 101, 143, 242, 222.12765957446808, 0.8443113772455089, 0.6725490196078431
0x00bc6637c9, Inverted, 188, 102, 55, 201, 259.31506849315065, 0.5748031496062992, 0.5019607843137255
0x00bc676731, Inverted, 188, 103, 103, 49, 60, 0.35526315789473684, 0.2980392156862745
0x00bc6a11ce, Inverted, 188, 106, 17, 206, 268.25396825396825, 0.8475336322869955, 0.4372549019607843
0x00bc727e98, Inverted, 188, 114, 126, 152, 221.05263157894737, 0.15573770491803277, 0.5215686274509804
0x00bc73bf6b, Inverted, 188, 115, 191, 107, 114.28571428571428, 0.39622641509433965, 0.5843137254901961
0x00bc792537, Inverted, 188, 121, 37, 55, 347.14285714285717, 0.531645569620253, 0.30980392156862746
0x00bc7a8d77, Inverted, 188, 122, 141, 119, 111.81818181818181, 0.08800000000000002, 0.5098039215686274
0x00bc7ab654, Inverted, 188, 122, 182, 84, 96.73469387755102, 0.40163934426229514, 0.5215686274509804
0x00bc8beade, Inverted, 188, 139, 234, 222, 172.42105263157896, 0.6934306569343065, 0.7313725490196078
0x00bc8c0ce7, Inverted, 188, 140, 12, 231, 275.06849315068496, 0.9012345679012347, 0.4764705882352941
0x00bc8e1c51, Inverted, 188, 142, 28, 81, 332.10526315789474, 0.6705882352941176, 0.33333333333333337
0x00bc92477f, Inverted, 188, 146, 71, 127, 315.2, 0.34562211981566815, 0.42549019607843136
0x00bc9587e3, Inverted, 188, 149, 135, 227, 249.13043478260872, 0.6216216216216214, 0.7098039215686274
0x00bc9b9544, Inverted, 188, 155, 149, 68, 55.86206896551725, 0.390134529147982, 0.4372549019607843
0x00bc9e2389, Inverted, 188, 158, 35, 137, 310.2439024390244, 0.6373056994818653, 0.3784313725490196
0x00bca158ae, Inverted, 188, 161, 88, 174, 290.9302325581395, 0.34677419354838707, 0.5137254901960784
0x00bca37602, Inverted, 188, 163, 118, 2, 43.22981366459628, 0.9757575757575758, 0.32352941176470584
0x00bca4ac43, Inverted, 188, 164, 172, 67, 64.57142857142857, 0.43933054393305443, 0.46862745098039216
0x00bca812df, Inverted, 188, 168, 18, 223, 283.9024390243902, 0.8506224066390042, 0.4725490196078431
0x00bcaad777, Inverted, 188, 170, 215, 119, 88.125, 0.5454545454545454, 0.6549019607843137
0x00bcaaeb5a, Inverted, 188, 170, 235, 90, 86.89655172413795, 0.7837837837837837, 0.6372549019607843
0x00bcac4ede, Inverted, 188, 172, 78, 222, 279.1666666666667, 0.6857142857142857, 0.5882352941176471
0x00bcae55d3, Inverted, 188, 174, 85, 211, 282.3809523809524, 0.5887850467289718, 0.580392156862745
0x00bcae68cf, Inverted, 188, 174, 104, 207, 280.7766990291262, 0.5175879396984926, 0.6098039215686275
0x00bcaedaeb, Inverted, 188, 174, 218, 235, 196.72131147540983, 0.6039603960396039, 0.8019607843137255
0x00bcaf4976, Inverted, 188, 175, 73, 118, 333.52941176470586, 0.4112903225806452, 0.48627450980392156
0x00bcaf4d9d, Inverted, 188, 175, 77, 157, 311.0204081632653, 0.3888888888888889, 0.49411764705882355
0x00bcafa6cb, Inverted, 188, 175, 166, 203, 254.59459459459458, 0.2624113475177304, 0.7235294117647059
0x00bcb89b1d, Inverted, 188, 184, 155, 29, 48.774193548387096, 0.7276995305164319, 0.4176470588235294
0x00bcbb0615, Inverted, 188, 187, 6, 21, 355.02762430939225, 0.9378238341968911, 0.3784313725490196
0x00bcbb1eba, Inverted, 188, 187, 30, 186, 300.38216560509557, 0.7235023041474654, 0.42549019607843136
0x00bcbb7c68, Inverted, 188, 187, 124, 104, 14.457831325301207, 0.37899543378995426, 0.5705882352941176
0x00bcbef010, Inverted, 188, 190, 240, 16, 73.39285714285714, 0.8818897637795275, 0.5019607843137255
0x00bcc19b45, Inverted, 188, 193, 155, 69, 41.61290322580645, 0.49999999999999994, 0.5137254901960784
0x00bcc21b51, Inverted, 188, 194, 27, 81, 340.5988023952096, 0.7556561085972852, 0.4333333333333333
0x00bcc4a932, Inverted, 188, 196, 169, 50, 48.90410958904109, 0.5934959349593497, 0.4823529411764706
0x00bcc67778, Inverted, 188, 198, 119, 120, 359.24050632911394, 0.40932642487046633, 0.6215686274509804
0x00bcc98a7c, Inverted, 188, 201, 138, 124, 10.909090909090905, 0.41621621621621613, 0.6372549019607843
0x00bcd61c83, Inverted, 188, 214, 28, 131, 326.7741935483871, 0.7685950413223142, 0.4745098039215686
0x00bcd659fd, Inverted, 188, 214, 89, 253, 285.73170731707313, 0.9761904761904764, 0.6705882352941177
0x00bcd9ecd3, Inverted, 188, 217, 236, 211, 105.6, 0.3968253968253972, 0.8764705882352941
0x00bcd9f810, Inverted, 188, 217, 248, 16, 68.01724137931035, 0.9430894308943089, 0.5176470588235293
0x00bcdae75c, Inverted, 188, 218, 231, 92, 65.61151079136692, 0.7433155080213903, 0.6333333333333333
0x00bce0da90, Inverted, 188, 224, 218, 144, 55.49999999999999, 0.5633802816901409, 0.7215686274509804
0x00bce494b2, Inverted, 188, 228, 148, 178, 337.5, 0.5970149253731344, 0.7372549019607844
0x00bce5df3e, Inverted, 188, 229, 223, 62, 57.8443113772455, 0.7625570776255707, 0.5705882352941176
0x00bce69bc8, Inverted, 188, 230, 155, 200, 324, 0.6000000000000001, 0.7549019607843137
0x00bce936fa, Inverted, 188, 233, 54, 250, 294.7959183673469, 0.9514563106796116, 0.596078431372549
0x00bcea09c2, Inverted, 188, 234, 9, 194, 310.6666666666667, 0.9259259259259259, 0.4764705882352941
0x00bcec8b78, Inverted, 188, 236, 139, 120, 9.827586206896544, 0.7532467532467533, 0.6980392156862745
0x00bcedc29c, Inverted, 188, 237, 194, 156, 28.148148148148135, 0.6923076923076924, 0.7705882352941177
0x00bcee15e0, Inverted, 188, 238, 21, 224, 303.8709677419355, 0.8645418326693226, 0.5078431372549019
0x00bcf71856, Inverted, 188, 247, 24, 86, 343.31838565022423, 0.9330543933054394, 0.5313725490196078
0x00bcff466c, Inverted, 188, 255, 70, 108, 347.6756756756757, 0.9999999999999999, 0.6372549019607843
0x00bd00492d, Inverted, 189, 0, 73, 45, 156.98630136986304, 1, 0.14313725490196078
0x00bd0244dd, Inverted, 189, 2, 68, 221, 221.91780821917808, 0.9820627802690584, 0.4372549019607843
0x00bd045bc2, Inverted, 189, 4, 91, 194, 212.5263157894737, 0.9595959595959598, 0.388235294117647
0x00bd073518, Inverted, 189, 7, 53, 24, 142.17391304347825, 0.7666666666666666, 0.11764705882352941
0x00bd0a5dd3, Inverted, 189, 10, 93, 211, 215.22388059701493, 0.909502262443439, 0.4333333333333333
0x00bd0adedc, Inverted, 189, 10, 222, 220, 179.43396226415095, 0.9137931034482759, 0.4549019607843137
0x00bd0c52f5, Inverted, 189, 12, 82, 245, 221.97424892703864, 0.9209486166007905, 0.503921568627451
0x00bd0d5f8b, Inverted, 189, 13, 95, 139, 200.95238095238093, 0.8289473684210525, 0.2980392156862745
0x00bd0eefca, Inverted, 189, 14, 239, 202, 170.13333333333333, 0.8893280632411067, 0.49607843137254903
0x00bd0f5ed9, Inverted, 189, 15, 94, 217, 216.53465346534654, 0.8706896551724138, 0.4549019607843137
0x00bd10e9bd, Inverted, 189, 16, 233, 189, 167.83410138248848, 0.8714859437751004, 0.48823529411764705
0x00bd121af0, Inverted, 189, 18, 26, 240, 237.83783783783784, 0.8809523809523809, 0.5058823529411764
0x00bd12e536, Inverted, 189, 18, 229, 54, 130.23696682464455, 0.8542510121457491, 0.4843137254901961
0x00bd180dae, Inverted, 189, 24, 13, 174, 244.09937888198758, 0.8609625668449197, 0.3666666666666667
0x00bd1a44b5, Inverted, 189, 26, 68, 181, 223.74193548387098, 0.7487922705314011, 0.40588235294117647
0x00bd1b07d7, Inverted, 189, 27, 7, 215, 245.76923076923075, 0.9369369369369369, 0.43529411764705883
0x00bd1c2389, Inverted, 189, 28, 35, 137, 236.1467889908257, 0.6606060606060606, 0.32352941176470584
0x00bd1d298d, Inverted, 189, 29, 41, 141, 233.57142857142856, 0.6588235294117647, 0.33333333333333337
0x00bd1d50c5, Inverted, 189, 29, 80, 197, 221.78571428571428, 0.743362831858407, 0.4431372549019608
0x00bd2425e7, Inverted, 189, 36, 37, 231, 239.69230769230768, 0.8024691358024691, 0.5235294117647059
0x00bd309963, Inverted, 189, 48, 153, 99, 149.14285714285714, 0.5223880597014925, 0.3941176470588235
0x00bd33da8f, Inverted, 189, 51, 218, 143, 153.05389221556888, 0.6929460580912862, 0.5274509803921569
0x00bd3d3a65, Inverted, 189, 61, 58, 101, 244.18604651162792, 0.27044025157232704, 0.31176470588235294
0x00bd3eab4f, Inverted, 189, 62, 171, 79, 129.35779816513764, 0.46781115879828317, 0.4568627450980392
0x00bd42a52c, Inverted, 189, 66, 165, 44, 109.0909090909091, 0.5789473684210527, 0.40980392156862744
0x00bd451d36, Inverted, 189, 69, 29, 54, 322.5, 0.40816326530612246, 0.19215686274509802
0x00bd481bb1, Inverted, 189, 72, 27, 177, 258, 0.7352941176470589, 0.39999999999999997
0x00bd4a5094, Inverted, 189, 74, 80, 148, 235.13513513513513, 0.33333333333333337, 0.43529411764705883
0x00bd4ca5fa, Inverted, 189, 76, 165, 250, 209.3103448275862, 0.9456521739130433, 0.6392156862745098
0x00bd4e083e, Inverted, 189, 78, 8, 62, 313.7142857142857, 0.813953488372093, 0.16862745098039217
0x00bd52cc9b, Inverted, 189, 82, 204, 155, 155.90163934426226, 0.5446428571428572, 0.5607843137254902
0x00bd59f996, Inverted, 189, 89, 249, 150, 142.875, 0.9302325581395348, 0.6627450980392157
0x00bd5dafa6, Inverted, 189, 93, 175, 166, 173.41463414634146, 0.3388429752066116, 0.5254901960784314
0x00bd5e58c4, Inverted, 189, 94, 88, 196, 243.33333333333331, 0.47787610619469034, 0.5568627450980392
0x00bd5ecd82, Inverted, 189, 94, 205, 130, 139.45945945945945, 0.5260663507109005, 0.5862745098039216
0x00bd60fc20, Inverted, 189, 96, 252, 32, 102.54545454545453, 0.9734513274336284, 0.5568627450980392
0x00bd615418, Inverted, 189, 97, 84, 24, 49.31506849315069, 0.6033057851239669, 0.2372549019607843
0x00bd626192, Inverted, 189, 98, 97, 146, 241.22448979591834, 0.20164609053497942, 0.4764705882352941
0x00bd63f3c2, Inverted, 189, 99, 243, 194, 159.58333333333334, 0.857142857142857, 0.6705882352941176
0x00bd69446a, Inverted, 189, 105, 68, 106, 298.4210526315789, 0.2183908045977012, 0.3411764705882353
0x00bd6aba17, Inverted, 189, 106, 186, 23, 89.44785276073618, 0.7799043062200957, 0.40980392156862744
0x00bd6b329f, Inverted, 189, 107, 50, 159, 271.3761467889908, 0.521531100478469, 0.40980392156862744
0x00bd6c363f, Inverted, 189, 108, 54, 63, 350, 0.33333333333333337, 0.3176470588235294
0x00bd6ca001, Inverted, 189, 108, 160, 1, 79.62264150943396, 0.9875776397515529, 0.3156862745098039
0x00bd6dc2be, Inverted, 189, 109, 194, 190, 177.1764705882353, 0.4106280193236715, 0.5941176470588235
0x00bd7173e9, Inverted, 189, 113, 115, 233, 239, 0.7317073170731708, 0.6784313725490196
0x00bd7186ba, Inverted, 189, 113, 134, 186, 222.73972602739724, 0.34597156398104256, 0.5862745098039215
0x00bd720370, Inverted, 189, 114, 3, 112, 301.0810810810811, 0.9487179487179487, 0.22941176470588237
0x00bd76367d, Inverted, 189, 118, 54, 125, 294.0845070422535, 0.39664804469273746, 0.3509803921568627
0x00bd765357, Inverted, 189, 118, 83, 87, 353.14285714285717, 0.17412935323383083, 0.3941176470588236
0x00bd7751c9, Inverted, 189, 119, 81, 201, 259, 0.5263157894736843, 0.5529411764705883
0x00bd791e0b, Inverted, 189, 121, 30, 11, 10.363636363636363, 0.8333333333333334, 0.2588235294117647
0x00bd797334, Inverted, 189, 121, 115, 52, 54.78260869565218, 0.3988439306358381, 0.3392156862745098
0x00bd7cf942, Inverted, 189, 124, 249, 66, 100.98360655737706, 0.9384615384615383, 0.6176470588235294
0x00bd81c460, Inverted, 189, 129, 196, 96, 100.2, 0.45871559633027525, 0.5725490196078431
0x00bd852487, Inverted, 189, 133, 36, 135, 298.7878787878788, 0.5789473684210525, 0.33529411764705885
0x00bd873b85, Inverted, 189, 135, 59, 133, 301.57894736842104, 0.3917525773195876, 0.3803921568627451
0x00bd878778, Inverted, 189, 135, 135, 120, 60, 0.05882352941176472, 0.5
0x00bd887e29, Inverted, 189, 136, 126, 41, 53.684210526315795, 0.536723163841808, 0.34705882352941175
0x00bd8a845c, Inverted, 189, 138, 132, 92, 52.17391304347829, 0.19999999999999998, 0.4509803921568627
0x00bd8f7ed9, Inverted, 189, 143, 126, 217, 251.2087912087912, 0.5449101796407185, 0.6725490196078432
0x00bd9112e9, Inverted, 189, 145, 18, 233, 275.4418604651163, 0.8565737051792829, 0.492156862745098
0x00bd916777, Inverted, 189, 145, 103, 119, 337.1428571428571, 0.16935483870967738, 0.48627450980392156
0x00bd965c0e, Inverted, 189, 150, 92, 14, 34.411764705882355, 0.8292682926829268, 0.3215686274509804
0x00bd9932ba, Inverted, 189, 153, 50, 186, 285.4411764705883, 0.576271186440678, 0.46274509803921565
0x00bda1f965, Inverted, 189, 161, 249, 101, 95.67567567567568, 0.9249999999999999, 0.6862745098039216
0x00bdab4727, Inverted, 189, 171, 71, 39, 14.545454545454547, 0.6285714285714286, 0.4117647058823529
0x00bdada0f6, Inverted, 189, 173, 160, 246, 249.06976744186048, 0.8269230769230772, 0.7960784313725491
0x00bdb218c1, Inverted, 189, 178, 24, 193, 294.67455621301775, 0.7788018433179723, 0.42549019607843136
0x00bdbbad21, Inverted, 189, 187, 173, 33, 54.54545454545455, 0.7000000000000001, 0.4313725490196078
0x00bdbdff99, Inverted, 189, 189, 255, 153, 98.8235294117647, 1.0000000000000002, 0.8
0x00bdc2894f, Inverted, 189, 194, 137, 79, 30.26086956521739, 0.4852320675105485, 0.5352941176470588
0x00bdc2a228, Inverted, 189, 194, 162, 40, 47.532467532467535, 0.6581196581196581, 0.4588235294117647
0x00bdc37e76, Inverted, 189, 195, 126, 118, 6.233766233766235, 0.3908629441624365, 0.6137254901960785
0x00bdc5ab1e, Inverted, 189, 197, 171, 30, 50.65868263473053, 0.7356828193832599, 0.4450980392156863
0x00bdc90cba, Inverted, 189, 201, 12, 186, 304.76190476190476, 0.887323943661972, 0.41764705882352937
0x00bdca5838, Inverted, 189, 202, 88, 56, 13.15068493150685, 0.5793650793650793, 0.5058823529411764
0x00bdcb947f, Inverted, 189, 203, 148, 127, 16.578947368421066, 0.42222222222222205, 0.6470588235294117
0x00bdcba171, Inverted, 189, 203, 161, 113, 32, 0.46391752577319584, 0.6196078431372549
0x00bdd36af5, Inverted, 189, 211, 106, 245, 285.32374100719426, 0.8742138364779876, 0.6882352941176471
0x00bdd792a1, Inverted, 189, 215, 146, 161, 346.95652173913044, 0.4630872483221476, 0.7078431372549019
0x00bdde6835, Inverted, 189, 222, 104, 53, 18.106508875739642, 0.7191489361702127, 0.5392156862745098
0x00bddffa2f, Inverted, 189, 223, 250, 47, 67.98029556650246, 0.953051643192488, 0.5823529411764705
0x00bde0b6f4, Inverted, 189, 224, 182, 244, 280.6451612903226, 0.7380952380952382, 0.8352941176470589
0x00bded511e, Inverted, 189, 237, 81, 30, 14.782608695652172, 0.8518518518518519, 0.5235294117647059
0x00bdee27ff, Inverted, 189, 238, 39, 255, 295.27777777777777, 0.9999999999999999, 0.5764705882352941
0x00bdf21192, Inverted, 189, 242, 17, 146, 325.6, 0.8964143426294819, 0.5078431372549019
0x00bdf5b87c, Inverted, 189, 245, 184, 124, 29.752066115702476, 0.8581560283687943, 0.7235294117647059
0x00bdf681ef, Inverted, 189, 246, 129, 239, 303.5897435897436, 0.8666666666666669, 0.7352941176470589
0x00bdf77cbd, Inverted, 189, 247, 124, 189, 328.2926829268293, 0.8848920863309352, 0.7274509803921568
0x00bdfda0e0, Inverted, 189, 253, 160, 224, 318.7096774193548, 0.9587628865979383, 0.8098039215686275
0x00bdfdf4bb, Inverted, 189, 253, 244, 187, 51.81818181818183, 0.9428571428571434, 0.8627450980392157
0x00bdfe659b, Inverted, 189, 254, 101, 155, 338.8235294117647, 0.9870967741935485, 0.696078431372549
0x00be0030e3, Inverted, 190, 0, 48, 227, 227.31277533039648, 1, 0.44509803921568625
0x00be012567, Inverted, 190, 1, 37, 103, 218.8235294117647, 0.9807692307692308, 0.20392156862745098
0x00be036669, Inverted, 190, 3, 102, 105, 181.76470588235293, 0.9444444444444443, 0.21176470588235294
0x00be04d70d, Inverted, 190, 4, 215, 13, 122.55924170616115, 0.9634703196347031, 0.4294117647058824
0x00be0e7f21, Inverted, 190, 14, 127, 33, 130.08849557522123, 0.801418439716312, 0.27647058823529413
0x00be0ec966, Inverted, 190, 14, 201, 102, 148.23529411764707, 0.8697674418604651, 0.4215686274509804
0x00be0f7821, Inverted, 190, 15, 120, 33, 130.28571428571428, 0.7777777777777777, 0.2647058823529412
0x00be10a7f0, Inverted, 190, 16, 167, 240, 199.55357142857144, 0.8818897637795275, 0.5019607843137255
0x00be13458a, Inverted, 190, 19, 69, 138, 214.78991596638656, 0.7579617834394905, 0.3078431372549019
0x00be141638, Inverted, 190, 20, 22, 56, 236.66666666666669, 0.4736842105263157, 0.14901960784313725
0x00be17e3ef, Inverted, 190, 23, 227, 239, 183.33333333333331, 0.8709677419354838, 0.5137254901960784
0x00be19cd9d, Inverted, 190, 25, 205, 157, 164, 0.782608695652174, 0.45098039215686275
0x00be209158, Inverted, 190, 32, 145, 88, 149.73451327433628, 0.6384180790960452, 0.34705882352941175
0x00be229abf, Inverted, 190, 34, 154, 191, 194.14012738853503, 0.6977777777777778, 0.4411764705882353
0x00be2e2735, Inverted, 190, 46, 39, 53, 270, 0.15217391304347824, 0.18039215686274512
0x00be3420ac, Inverted, 190, 52, 32, 172, 248.57142857142858, 0.6862745098039216, 0.4
0x00be360066, Inverted, 190, 54, 0, 102, 271.7647058823529, 1, 0.2
0x00be367d87, Inverted, 190, 54, 125, 135, 187.4074074074074, 0.42857142857142855, 0.37058823529411766
0x00be372de0, Inverted, 190, 55, 45, 224, 243.35195530726256, 0.7427385892116182, 0.5274509803921569
0x00be3ecb66, Inverted, 190, 62, 203, 102, 137.02127659574467, 0.5755102040816324, 0.5196078431372548
0x00be3f1c87, Inverted, 190, 63, 28, 135, 259.6261682242991, 0.6564417177914111, 0.3196078431372549
0x00be3f9382, Inverted, 190, 63, 147, 130, 167.85714285714283, 0.39999999999999997, 0.4117647058823529
0x00be412efd, Inverted, 190, 65, 46, 253, 245.50724637681162, 0.981042654028436, 0.5862745098039216
0x00be46bb83, Inverted, 190, 70, 187, 131, 151.28205128205127, 0.4624505928853754, 0.503921568627451
0x00be46cafa, Inverted, 190, 70, 202, 250, 196, 0.9473684210526314, 0.6274509803921569
0x00be4d4c1f, Inverted, 190, 77, 76, 31, 58.695652173913054, 0.4259259259259258, 0.21176470588235294
0x00be4df5be, Inverted, 190, 77, 245, 190, 160.35714285714283, 0.8936170212765958, 0.6313725490196078
0x00be4e371a, Inverted, 190, 78, 55, 26, 33.46153846153846, 0.5000000000000001, 0.20392156862745098
0x00be5259e7, Inverted, 190, 82, 89, 231, 237.18120805369128, 0.7563451776649746, 0.6137254901960785
0x00be55674a, Inverted, 190, 85, 103, 74, 97.24137931034485, 0.1638418079096045, 0.34705882352941175
0x00be55fffd, Inverted, 190, 85, 255, 253, 179.29411764705884, 1, 0.6666666666666666
0x00be5631a8, Inverted, 190, 86, 49, 168, 258.65546218487395, 0.5483870967741936, 0.42549019607843136
0x00be56bb27, Inverted, 190, 86, 187, 39, 100.94594594594595, 0.654867256637168, 0.44313725490196076
0x00be56f535, Inverted, 190, 86, 245, 53, 109.6875, 0.9056603773584906, 0.5843137254901961
0x00be57ba9c, Inverted, 190, 87, 186, 156, 161.81818181818184, 0.4177215189873417, 0.5352941176470588
0x00be582b42, Inverted, 190, 88, 43, 66, 329.3333333333333, 0.3435114503816794, 0.2568627450980392
0x00be5a834e, Inverted, 190, 90, 131, 78, 106.41509433962263, 0.2535885167464114, 0.40980392156862744
0x00be5af230, Inverted, 190, 90, 242, 48, 107.0103092783505, 0.8818181818181817, 0.5686274509803921
0x00be5e7a85, Inverted, 190, 94, 122, 133, 196.9230769230769, 0.17180616740088106, 0.4450980392156863
0x00be5fba41, Inverted, 190, 95, 186, 65, 105.12396694214875, 0.4820717131474104, 0.492156862745098
0x00be66a758, Inverted, 190, 102, 167, 88, 109.36708860759494, 0.30980392156862746, 0.5
0x00be68b140, Inverted, 190, 104, 177, 64, 98.76106194690264, 0.46887966804979253, 0.4725490196078431
0x00be694bbc, Inverted, 190, 105, 75, 188, 255.929203539823, 0.4574898785425102, 0.515686274509804
0x00be6e80d1, Inverted, 190, 110, 128, 209, 229.0909090909091, 0.5183246073298429, 0.6254901960784314
0x00be714e84, Inverted, 190, 113, 78, 132, 278.88888888888886, 0.2571428571428572, 0.411764705882353
0x00be73cc56, Inverted, 190, 115, 204, 86, 105.2542372881356, 0.5363636363636364, 0.5686274509803921
0x00be73feae, Inverted, 190, 115, 254, 174, 145.46762589928056, 0.9858156028368795, 0.7235294117647059
0x00be748ea3, Inverted, 190, 116, 142, 163, 206.80851063829786, 0.2034632034632034, 0.5470588235294117
0x00be7a4f5a, Inverted, 190, 122, 79, 90, 344.6511627906977, 0.21393034825870647, 0.3941176470588236
0x00be83eaf5, Inverted, 190, 131, 234, 245, 185.78947368421052, 0.8507462686567168, 0.7372549019607844
0x00be84ea72, Inverted, 190, 132, 234, 114, 110.99999999999999, 0.7407407407407407, 0.6823529411764706
0x00be877d2e, Inverted, 190, 135, 125, 46, 53.25842696629214, 0.4917127071823204, 0.35490196078431374
0x00be87800d, Inverted, 190, 135, 128, 13, 56.557377049180324, 0.8243243243243243, 0.2901960784313726
0x00be8955b3, Inverted, 190, 137, 85, 179, 273.1914893617021, 0.3821138211382113, 0.5176470588235293
0x00be8d2a4c, Inverted, 190, 141, 42, 76, 339.3939393939394, 0.5409836065573771, 0.3588235294117647
0x00be930675, Inverted, 190, 147, 6, 117, 312.7659574468085, 0.9215686274509803, 0.3
0x00be9484d8, Inverted, 190, 148, 132, 216, 251.42857142857144, 0.5185185185185185, 0.6823529411764706
0x00be99216c, Inverted, 190, 153, 33, 108, 322.5, 0.6451612903225806, 0.36470588235294116
0x00be9a0f5f, Inverted, 190, 154, 15, 95, 325.46762589928056, 0.8224852071005917, 0.33137254901960783
0x00be9cbb10, Inverted, 190, 156, 187, 16, 70.87719298245614, 0.8423645320197044, 0.3980392156862745
0x00be9e2221, Inverted, 190, 158, 34, 33, 0.47999999999999826, 0.6544502617801048, 0.37450980392156863
0x00bea058e9, Inverted, 190, 160, 88, 233, 269.7931034482759, 0.7671957671957671, 0.6294117647058823
0x00bea24f90, Inverted, 190, 162, 79, 144, 313.0120481927711, 0.3443983402489626, 0.4725490196078431
0x00bea56d05, Inverted, 190, 165, 109, 5, 39, 0.9411764705882352, 0.33333333333333337
0x00beabcd93, Inverted, 190, 171, 205, 147, 95.17241379310346, 0.36708860759493683, 0.6901960784313725
0x00beaf5961, Inverted, 190, 175, 89, 97, 354.4186046511628, 0.3495934959349593, 0.5176470588235293
0x00beb3143b, Inverted, 190, 179, 20, 59, 345.2830188679245, 0.798994974874372, 0.3901960784313725
0x00beb38830, Inverted, 190, 179, 136, 48, 40.30534351145038, 0.5770925110132158, 0.44509803921568625
0x00bebc5569, Inverted, 190, 188, 85, 105, 348.3495145631068, 0.43459915611814354, 0.5352941176470588
0x00bebc5c30, Inverted, 190, 188, 92, 48, 18.857142857142858, 0.5932203389830508, 0.4627450980392157
0x00bebde0a6, Inverted, 190, 189, 224, 166, 96.20689655172414, 0.48333333333333317, 0.7647058823529411
0x00bec3bb9d, Inverted, 190, 195, 187, 157, 47.368421052631575, 0.24050632911392392, 0.6901960784313725
0x00bec47acf, Inverted, 190, 196, 122, 207, 292.2352941176471, 0.4696132596685083, 0.6450980392156863
0x00bec5d2e9, Inverted, 190, 197, 210, 233, 218.33333333333337, 0.44999999999999984, 0.8431372549019608
0x00bec83f64, Inverted, 190, 200, 63, 100, 343.7956204379562, 0.554655870445344, 0.5156862745098039
0x00bec8be5a, Inverted, 190, 200, 190, 90, 54.54545454545455, 0.49999999999999994, 0.5686274509803921
0x00bec8cd2c, Inverted, 190, 200, 205, 44, 61.86335403726708, 0.646586345381526, 0.4882352941176471
0x00bec9ab81, Inverted, 190, 201, 171, 129, 34.99999999999999, 0.3999999999999999, 0.6470588235294117
